Rank,Player,Team,Bye,POS,ESPN,Sleeper,CBS,NFL,RTSports,Fantrax,AVG,RealTime,
1,Ja'Marr Chase,CIN,10,WR1,1,1,1,1,1,1,1,1,
2,Bijan Robinson,ATL,5,RB1,2,3,2,4,2,2,2.5,2,
3,Saquon Barkley,PHI,9,RB2,3,2,3,2,4,6,3.3,3,
5,Jahmyr Gibbs,DET,8,RB3,5,5,4,6,3,4,4.5,4  +1,
4,Justin Jefferson,MIN,6,WR2,4,4,5,5,6,3,4.5,6  -2,
6,CeeDee Lamb,DAL,10,WR3,6,6,6,3,5,5,5.2,6,
8,Amon-Ra St. Brown,DET,8,WR4,9,7,12,8,10,11,9.5,7  +1,
7,Christian McCaffrey,SF,14,RB4,7,12,8,11,7,7,8.7,9  -2,
11,Derrick Henry,BAL,7,RB5,12,8,7,9,12,13,10.2,9  +2,
9,Malik Nabers,NYG,14,WR5,10,10,11,10,8,9,9.7,4  +1,
12,Ashton Jeanty,LV,8,RB6,11,11,9,12,9,10,10.3,11  +1,
14,Nico Collins,HOU,6,WR7,13,13,15,16,13,12,13.7,12  +2,
10,Puka Nacua,LAR,8,WR6,8,9,14,7,14,8,10,13  -3,
19,Drake London,ATL,5,WR10,21,17,24,20,20,16,19.7,14  +5,
16,Josh Jacobs,GB,5,RB8,18,19,10,19,16,21,17.2,15  +1,
15,Brian Thomas Jr.,JAC,8,WR8,15,15,18,13,15,14,15,16  -1,
13,De'Von Achane,MIA,12,RB7,14,14,13,14,11,15,13.5,17  -4,
18,A.J. Brown,PHI,9,WR9,17,18,26,15,23,18,19.5,18,
20,Jonathan Taylor,IND,11,RB9,16,23,20,22,19,19,19.8,19  +1,
25,Chase Brown,CIN,10,RB12,25,28,22,31,17,29,25.3,20  +5,
17,Brock Bowers,LV,8,TE1,20,16,23,18,21,17,19.2,21  -4,
21,Josh Allen,BUF,7,QB1,19,20,16,21,25,24,20.8,22  -1,
23,Bucky Irving,TB,9,RB10,23,21,21,25,18,22,21.7,23,
26,Ladd McConkey,LAC,12,WR11,29,24,29,23,30,20,25.8,24  +2,
22,Lamar Jackson,BAL,7,QB2,22,22,17,17,24,28,21.7,25  -3,
24,Kyren Williams,LAR,8,RB11,31,26,19,24,22,26,24.7,26  -2,
27,Trey McBride,ARI,8,TE2,24,27,36,26,28,23,27.3,27,
28,Tee Higgins,CIN,10,WR12,26,30,31,32,35,27,30.2,28,
29,James Cook,BUF,7,RB13,32,32,28,28,27,35,30.3,29,
32,Jaxon Smith-Njigba,SEA,8,WR14,36,29,41,39,33,25,33.8,30  +2,
31,Tyreek Hill,MIA,12,WR13,30,25,37,36,29,30,31.2,31,
38,George Kittle,SF,14,TE3,35,37,39,38,40,40,38.2,32  +6,
35,Jalen Hurts,PHI,9,QB5,28,35,32,34,44,43,36,33  +2,
30,Jayden Daniels,WAS,12,QB3,27,31,30,27,34,36,30.8,34  -4,
37,Omarion Hampton,LAC,12,RB16,40,41,40,48,26,33,38,35  +2,
40,Mike Evans,TB,9,WR16,42,39,38,33,48,37,39.5,36  +4,
39,Garrett Wilson,NYJ,9,WR15,41,33,49,37,41,31,38.7,37  +2,
36,Alvin Kamara,NO,11,RB15,38,40,27,46,32,44,37.8,38  -2,
43,Marvin Harrison Jr.,ARI,8,WR18,45,36,45,41,43,32,40.3,39  +4,
42,Kenneth Walker III,SEA,8,RB17,39,45,33,40,36,47,40,40  +2,
33,Joe Burrow,CIN,10,QB4,33,38,25,35,37,39,34.5,41  -8,
34,Breece Hall,NYJ,9,RB14,51,34,34,30,31,34,35.7,42  -8,
44,Terry McLaurin,WAS,12,WR19,37,42,44,29,47,45,40.7,43  +1,
41,Davante Adams,LAR,8,WR17,34,43,35,45,42,38,39.5,44  -3,
47,James Conner,ARI,8,RB19,50,50,42,49,46,55,48.7,45  +2,
48,TreVeyon Henderson,NE,14,RB20,49,60,46,62,39,42,49.7,46  +2,
49,DK Metcalf,PIT,5,WR21,46,44,48,57,52,51,49.7,47  +2,
45,Chuba Hubbard,CAR,14,RB18,43,46,43,54,38,50,45.7,48  -3,
46,DJ Moore,CHI,5,WR20,53,49,52,47,49,41,48.5,49  -3,
52,Sam LaPorta,DET,8,TE4,47,47,58,43,67,58,53.3,50  +2,
50,Patrick Mahomes II,KC,10,QB6,44,52,47,42,60,59,50.7,51  -1,
51,Courtland Sutton,DEN,12,WR22,58,51,54,55,51,48,52.8,52  -1,
54,DeVonta Smith,PHI,9,WR24,62,53,59,56,57,49,56,53  +1,
67,George Pickens,DAL,10,WR30,63,58,64,74,66,63,64.7,54  +13,
56,David Montgomery,DET,8,RB22,60,54,56,66,58,62,59.3,55  +1,
60,Tetairoa McMillan,CAR,14,WR28,74,59,65,73,53,53,62.8,56  +4,
63,RJ Harvey,DEN,12,RB23,75,64,57,72,50,64,63.7,57  +6,
65,Isiah Pacheco,KC,10,RB24,67,61,68,61,55,71,63.8,58  +7,
53,Xavier Worthy,KC,10,WR23,48,56,51,67,62,46,55,59  -6,
59,Zay Flowers,BAL,7,WR27,55,55,63,71,70,54,61.3,60  -1,
55,D'Andre Swift,CHI,5,RB21,56,70,50,59,45,72,58.7,61  -6,
61,T.J. Hockenson,MIN,6,TE5,54,57,71,50,75,73,63.3,62  -1,
70,Tony Pollard,TEN,10,RB26,73,76,61,80,54,69,68.8,63  +7,
58,Jameson Williams,DET,8,WR26,66,62,66,51,61,52,59.7,64  -6,
57,Rashee Rice,KC,10,WR25,59,48,74,44,64,68,59.5,65  -8,
62,Travis Kelce,KC,10,TE6,57,63,60,58,65,78,63.5,66  -4,
71,Jaylen Waddle,MIA,12,WR32,64,68,81,85,77,56,71.8,67  +4,
68,Aaron Jones Sr.,MIN,6,RB25,69,69,53,76,59,65,65.2,68,
66,Calvin Ridley,TEN,10,WR29,61,71,67,69,56,60,64,69  -3,
72,Bo Nix,DEN,12,QB8,68,72,69,65,81,77,72,70  +2,
73,Mark Andrews,BAL,7,TE7,71,73,70,52,94,85,74.2,71  +2,
69,Travis Hunter,JAC,8,WR31,72,66,80,63,71,57,68.2,72  -3,
64,Baker Mayfield,TB,9,QB7,52,65,55,60,74,76,63.7,73  -9,
76,Kaleb Johnson,PIT,5,RB28,93,78,75,81,63,74,77.3,74  +2,
78,Rome Odunze,CHI,5,WR35,76,80,97,90,86,61,81.7,75  +3,
97,Emeka Egbuka,TB,9,WR45,104,99,93,137,87,88,101.3,76  +21,
77,Chris Olave,NO,11,WR34,85,75,96,87,76,66,80.8,77,
74,Jerry Jeudy,CLE,9,WR33,65,74,72,99,68,67,74.2,78  -4,
80,Tyrone Tracy Jr.,NYG,14,RB29,82,90,76,106,69,81,84,79  +1,
81,Evan Engram,DEN,12,TE8,78,81,94,75,88,92,84.7,80  +1,
85,Jakobi Meyers,LV,8,WR38,81,82,73,121,91,75,87.2,81  +4,
89,Ricky Pearsall,SF,14,WR41,105,98,82,114,82,90,95.2,82  +7,
79,Deebo Samuel Sr.,WAS,12,WR36,94,84,78,97,80,70,83.8,83  -4,
84,David Njoku,CLE,9,TE9,70,86,77,86,107,96,87,84,
87,Jaylen Warren,PIT,5,RB30,88,96,85,108,73,83,88.8,85  +2,
82,Stefon Diggs,NE,14,WR37,84,87,87,96,78,79,85.2,86  -4,
93,Tyler Warren,IND,11,TE10,97,89,102,100,99,95,97,87  +6,
104,Jordan Mason,MIN,6,RB35,130,107,98,140,79,93,107.8,88  +16,
75,Joe Mixon,HOU,6,RB27,87,67,62,53,72,109,75,89  -14,
94,Travis Etienne Jr.,JAC,8,RB32,121,92,92,117,83,89,99,90  +4,
83,Kyler Murray,ARI,8,QB9,77,94,79,82,102,87,86.8,91  -8,
90,Matthew Golden,GB,5,WR42,83,93,101,119,84,91,95.2,92  -2,
95,Brock Purdy,SF,14,QB10,79,109,90,105,119,97,99.8,93  +2,
88,Jordan Addison,MIN,6,WR40,103,79,103,95,95,80,92.5,94  -6,
86,Cooper Kupp,SEA,8,WR39,80,85,88,107,85,82,87.8,95  -9,
102,Dak Prescott,DAL,10,QB12,99,118,83,118,101,108,104.5,96  +6,
110,Tucker Kraft,GB,5,TE11,102,117,119,116,114,114,113.7,97  +13,
105,J.K. Dobbins,DEN,12,RB36,98,111,100,149,89,106,108.8,98  +7,
100,Jauan Jennings,SF,14,WR46,115,101,113,110,98,84,103.5,99  +1,
101,Cam Skattebo,NYG,14,RB34,122,100,108,101,100,94,104.2,100  +1,
114,Zach Charbonnet,SEA,8,RB39,145,114,95,155,92,99,116.7,101  +13,
96,Khalil Shakir,BUF,7,WR44,106,91,116,103,104,86,101,102  -6,
99,Jared Goff,DET,8,QB11,120,88,89,102,113,100,102,103  -4,
113,Philadelphia Eagles,DST,9,DST2,124,97,86,91,147,146,115.2,104  +9,
98,Brian Robinson Jr.,SF,14,RB33,108,83,84,93,90,151,101.5,105  -7,
103,Denver Broncos,DST,12,DST1,91,103,107,83,136,125,107.5,106  -3,
136,Jacory Croskey-Merritt,WAS,12,RB43,151,177,104,170,131,101,139,107  +29,
91,Quinshon Judkins,CLE,9,RB31,95,77,106,92,97,105,95.3,108  -17,
106,Javonte Williams,DAL,10,RB37,109,110,99,146,93,107,110.7,109  -3,
115,Michael Pittman Jr.,IND,11,WR47,101,121,105,168,112,98,117.5,110  +5,
112,Colston Loveland,CHI,5,TE12,113,105,130,113,105,123,114.8,111  +1,
108,Brandon Aubrey,DAL,10,K1,100,127,109,70,128,139,112.2,112  -4,
127,Austin Ekeler,WAS,12,RB41,119,147,110,158,116,156,134.3,113  +14,
109,Justin Herbert,LAC,12,QB14,92,104,118,123,127,110,112.3,114  -5,
134,Tank Bigsby,JAC,8,RB42,135,145,114,209,103,126,138.7,115  +19,
92,Chris Godwin Jr.,TB,9,WR43,89,95,91,89,96,112,95.3,116  -24,
119,Keon Coleman,BUF,7,WR49,114,122,124,141,123,116,123.3,117  +2,
107,Justin Fields,NYJ,9,QB13,118,153,111,64,118,103,111.2,118  -11,
120,Josh Downs,IND,11,WR50,139,112,134,138,120,115,126.3,119  +1,
116,Jayden Reed,GB,5,WR48,126,108,125,127,115,104,117.5,120  -4,
111,Rhamondre Stevenson,NE,14,RB38,112,123,115,125,106,102,113.8,121  -10,
121,Dalton Kincaid,BUF,7,TE13,127,113,144,128,144,127,130.5,122  -1,
118,Baltimore Ravens,DST,7,DST3,110,102,112,122,164,121,121.8,123  -5,
117,Caleb Williams,CHI,5,QB15,111,141,122,112,110,130,121,124  -7,
124,Drake Maye,NE,14,QB17,129,142,133,144,137,113,133,125  -1,
135,Jake Ferguson,DAL,10,TE16,141,125,139,157,130,141,138.8,126  +9,
149,Braelon Allen,NYJ,9,RB48,163,164,137,207,117,124,152,127  +22,
129,Kyle Pitts Sr.,ATL,5,TE14,131,115,150,129,138,149,135.3,128  +1,
147,Rashid Shaheed,NO,11,WR54,128,140,158,182,160,118,147.7,129  +18,
128,Cameron Dicker,LAC,12,K3,117,131,160,78,149,175,135,130  -2,
122,C.J. Stroud,HOU,6,QB16,140,119,129,131,146,122,131.2,131  -9,
148,Nick Chubb,HOU,6,RB47,154,134,128,191,124,178,151.5,132  +16,
126,Pittsburgh Steelers,DST,5,DST4,86,116,136,130,157,180,134.2,133  -7,
123,Jake Bates,DET,8,K2,96,128,168,104,159,134,131.5,134  -11,
146,Jayden Higgins,HOU,6,WR53,138,120,164,204,134,119,146.5,135  +11,
137,Jaydon Blue,DAL,10,RB44,158,144,132,152,108,145,139.8,136  +1,
130,Dallas Goedert,PHI,9,TE15,125,126,123,136,169,144,137.2,137  -7,
140,Darnell Mooney,ATL,5,WR52,136,124,120,179,135,153,141.2,138  +2,
132,Buffalo Bills,DST,7,DST5,149,129,127,94,150,181,138.3,139  -7,
151,Keenan Allen,LAC,12,WR56,123,159,149,230,126,137,154,140  +11,
141,Rachaad White,TB,9,RB45,150,156,135,142,125,142,141.7,141,
154,Chris Boswell,PIT,5,K5,144,133,195,68,197,199,156,142  +12,
142,Tyjae Spears,TEN,10,RB46,143,151,146,189,109,120,143,143  -1,
155,Bhayshul Tuten,JAC,8,RB49,206,174,143,160,129,132,157.3,144  +11,
152,Marvin Mims Jr.,DEN,12,WR57,168,152,177,174,139,117,154.5,145  +7,
138,Jordan Love,GB,5,QB18,137,146,126,139,156,136,140,146  -8,
139,Jonnu Smith,PIT,5,TE17,182,106,166,79,148,166,141.2,147  -8,
145,Minnesota Vikings,DST,6,DST7,116,136,138,148,165,167,145,148  -3,
131,Brandon Aiyuk,SF,14,WR51,161,135,141,124,140,128,138.2,149  -18,
150,Christian Kirk,HOU,6,WR55,180,165,131,171,161,111,153.2,150,
125,Najee Harris,LAC,12,RB40,171,143,121,115,122,129,133.5,151  -26,
133,Houston Texans,DST,6,DST6,90,132,148,143,154,164,138.5,152  -19,
156,Trey Benson,ARI,8,RB50,156,161,152,232,121,138,160,153  +3,
169,Rashod Bateman,BAL,7,WR60,178,166,140,183,204,163,172.3,154  +15,
159,Detroit Lions,DST,8,DST8,132,130,180,150,193,209,165.7,155  +4,
143,J.J. McCarthy,MIN,6,QB19,134,150,155,151,142,131,143.8,156  -13,
165,Jerome Ford,CLE,9,RB53,172,184,142,246,111,155,168.3,157  +8,
153,Zach Ertz,WAS,12,TE18,160,155,117,163,168,170,155.5,158  -5,
163,Ka'imi Fairbairn,HOU,6,K6,179,170,203,88,166,203,168.2,159  +4,
164,Hunter Henry,NE,14,TE19,157,172,163,172,163,182,168.2,160  +4,
144,Chase McLaughlin,TB,9,K4,107,137,165,111,171,173,144,161  -17,
167,Luther Burden III,CHI,5,WR59,186,154,170,211,155,148,170.7,162  +5,
173,Harrison Butker,KC,10,K8,147,139,193,145,183,235,173.7,163  +10,
168,Kansas City Chiefs,DST,10,DST10,183,158,182,134,185,191,172.2,164  +4,
204,Dylan Sampson,CLE,9,RB57,,183,188,257,143,157,185.6,165  +39,
160,San Francisco 49ers,DST,14,DST9,184,162,183,77,208,184,166.3,166  -6,
217,Tre' Harris,LAC,12,WR67,,148,,164,172,140,156,167  +50,
162,Tyler Allgeier,ATL,5,RB52,164,188,171,175,145,165,168,168  -6,
171,Ray Davis,BUF,7,RB54,207,175,162,215,132,147,173,169  +2,
172,Adam Thielen,CAR,14,WR61,153,168,167,208,194,150,173.3,170  +2,
158,Trevor Lawrence,JAC,8,QB20,169,181,154,177,151,133,160.8,171  -13,
166,Jake Elliott,PHI,9,K7,142,138,187,133,200,215,169.2,172  -6,
183,Wil Lutz,DEN,12,K11,211,202,211,132,173,221,191.7,173  +10,
184,Wan'Dale Robinson,NYG,14,WR63,181,196,172,251,182,168,191.7,174  +10,
187,Cam Little,JAC,8,K13,155,176,194,156,212,289,197,175  +12,
178,Michael Penix Jr.,ATL,5,QB24,177,182,175,187,192,188,183.5,176  +2,
174,Cam Ward,TEN,10,QB22,167,163,185,165,225,158,177.2,177  -3,
161,Marquise Brown,KC,10,WR58,170,193,214,120,167,143,167.8,178  -17,
157,Isaac Guerendo,SF,14,RB51,188,167,147,192,133,135,160.3,179  -22,
235,Joshua Palmer,BUF,7,WR72,,187,,235,196,174,198,180  +55,
234,Kyle Williams,NE,14,WR71,,173,,223,206,169,192.8,181  +53,
222,Ollie Gordon II,MIA,12,RB62,,204,169,281,179,316,229.8,182  +40,
191,Cedric Tillman,CLE,9,WR64,165,189,204,307,180,162,201.2,183  +8,
203,Rico Dowdle,CAR,14,RB56,,198,206,218,141,161,184.8,184  +19,
180,Jaylen Wright,MIA,12,RB55,173,192,184,238,153,177,186.2,185  -5,
209,Chig Okonkwo,TEN,10,TE25,202,206,,225,189,202,204.8,186  +23,
214,Chicago Bears,DST,5,DST21,205,,212,84,254,310,213,187  +27,
190,Brenton Strange,JAC,8,TE21,218,185,197,252,174,176,200.3,188  +2,
179,Xavier Legette,CAR,14,WR62,159,191,201,203,190,160,184,189  -10,
185,Tyler Loop,BAL,7,K12,174,160,210,202,218,192,192.7,190  -5,
200,Washington Commanders,DST,12,DST17,212,149,207,167,276,300,218.5,191  +9,
193,Los Angeles Chargers,DST,12,DST13,225,236,176,154,258,197,207.7,192  +1,
175,Bryce Young,CAR,14,QB23,189,190,191,190,181,154,182.5,193  -18,
194,Evan McPherson,CIN,10,K14,191,179,192,186,245,253,207.7,194,
213,DeMario Douglas,NE,14,WR66,,209,209,259,178,187,208.4,195  +18,
176,Jason Sanders,MIA,12,K9,146,245,178,109,209,212,183.2,196  -20,
211,Romeo Doubs,GB,5,WR65,,218,208,229,199,171,205,197  +14,
182,Isaiah Likely,BAL,7,TE20,200,171,196,159,207,205,189.7,198  -16,
255,Dont'e Thornton Jr.,LV,8,WR78,,180,,271,213,279,235.8,199  +56,
247,Cincinnati Bengals,DST,10,DST24,219,,,98,270,330,229.3,200  +47,
186,Seattle Seahawks,DST,8,DST11,133,178,199,178,271,219,196.3,201  -15,
198,Younghoe Koo,ATL,5,K15,192,157,200,169,279,286,213.8,202  -4,
177,Tyler Bass,BUF,7,K10,152,169,181,147,240,211,183.3,203  -26,
170,Tua Tagovailoa,MIA,12,QB21,162,212,157,193,158,152,172.3,204  -34,
245,Blake Corum,LAR,8,RB68,,220,,240,234,196,222.5,205  +40,
195,Darren Waller,MIA,12,TE23,193,207,161,195,250,245,208.5,206  -11,
220,Will Shipley,PHI,9,RB60,,219,213,308,191,208,227.8,207  +13,
181,Matthew Stafford,LAR,8,QB25,166,211,156,166,239,185,187.2,208  -27,
189,Geno Smith,LV,8,QB26,210,241,179,201,201,159,198.5,209  -20,
207,Kareem Hunt,KC,10,RB58,,194,217,206,177,217,202.2,210  -3,
192,Pat Freiermuth,PIT,5,TE22,199,217,205,176,228,189,202.3,211  -19,
215,Daniel Carlson,LV,8,K17,215,200,,162,267,250,218.8,212  +3,
196,Dallas Cowboys,DST,10,DST14,197,230,174,161,215,284,210.2,213  -17,
212,Aaron Rodgers,PIT,5,QB28,194,216,,196,233,194,206.6,214  -2,
231,DeAndre Hopkins,BAL,7,WR69,,197,,185,162,204,187,215  +16,
219,Roschon Johnson,CHI,5,RB59,,226,190,294,202,220,226.4,216  +3,
236,Jack Bech,LV,8,WR73,,195,,236,175,216,205.5,217  +19,
243,Elijah Arroyo,SEA,8,TE28,,186,,268,220,206,220,218  +25,
206,Sam Darnold,SEA,8,QB27,203,221,,199,214,172,201.8,219  -13,
250,Mason Taylor,NYJ,9,TE31,,215,,267,219,224,231.3,220  +30,
252,Cleveland Browns,DST,9,DST25,208,,,126,280,320,233.5,221  +31,
205,Cade Otton,TB,9,TE24,196,222,,212,184,193,201.4,222  -17,
257,Keaton Mitchell,BAL,7,RB70,,239,,289,195,257,245,223  +34,
197,Arizona Cardinals,DST,8,DST15,216,199,219,153,227,252,211,224  -27,
210,Matt Gay,WAS,12,K16,175,,153,181,236,280,205,225  -15,
265,Elic Ayomanor,TEN,10,WR82,,214,,327,286,213,260,226  +39,
233,Mike Gesicki,CIN,10,TE27,310,213,,262,278,190,250.6,227  +6,
208,Tampa Bay Buccaneers,DST,9,DST20,201,210,,135,283,183,202.4,228  -20,
244,Shedeur Sanders,CLE,9,QB31,195,205,,210,,275,221.3,229  +15,
263,Woody Marks,HOU,6,RB74,,208,,368,176,282,258.5,230  +33,
216,New England Patriots,DST,14,DST22,148,203,,188,269,292,220,231  -15,
232,Isaac TeSlaa,DET,8,WR70,222,234,,234,265,296,250.2,232,
202,New York Jets,DST,9,DST19,190,235,202,213,264,269,228.8,233  -31,
261,Kyle Monangai,CHI,5,RB72,,240,,321,152,299,253,234  +27,
188,Green Bay Packers,DST,5,DST12,198,201,151,194,242,198,197.3,235  -47,
295,Tyler Lockett,TEN,10,WR92,,223,,239,,259,240.3,236  +59,
308,Theo Johnson,NYG,14,TE38,,266,,298,,258,274,237  +71,
218,Quentin Johnston,LAC,12,WR68,,228,189,265,263,179,224.8,238  -20,
274,Jaleel McLaughlin,DEN,12,RB76,,318,,173,287,309,271.8,239  +35,
230,Kendre Miller,NO,11,RB64,,274,186,353,243,186,248.4,240  -10,
238,Justice Hill,BAL,7,RB66,,227,,233,170,214,211,241  -3,
201,New York Giants,DST,14,DST18,187,232,173,184,221,329,221,242  -41,
258,DJ Giddens,IND,11,RB71,,250,,317,224,195,246.5,243  +15,
288,Tahj Brooks,CIN,10,RB79,,243,,440,217,262,290.5,244  +44,
309,Chris Rodriguez Jr.,WAS,12,RB85,317,,,465,186,357,331.3,245  +64,
223,Dalton Schultz,HOU,6,TE26,227,242,,216,244,226,231,246  -23,
221,Raheem Mostert,LV,8,RB61,,246,198,244,229,228,229,247  -26,
227,Anthony Richardson Sr.,IND,11,QB30,248,244,,221,252,223,237.6,248  -21,
254,Alec Pierce,IND,11,WR77,,249,,255,231,200,233.8,249  +5,
225,Russell Wilson,NYG,14,QB29,242,264,,226,235,207,234.8,250  -25,
253,Miles Sanders,DAL,10,RB69,,247,,264,205,218,233.5,251  +2,
279,Pat Bryant,DEN,12,WR87,,225,,367,249,261,275.5,252  +27,
251,Jalen McMillan,TB,9,WR76,,224,,220,187,297,232,253  -2,
242,Tory Horton,SEA,8,WR75,282,237,,338,261,260,275.6,254  -12,
228,Jake Moody,SF,14,K20,209,229,,200,275,317,246,255  -27,
199,Los Angeles Rams,DST,8,DST16,220,233,220,197,198,233,216.8,256  -57,
246,Jaxson Dart,NYG,14,QB32,204,238,,242,,232,229,257  -11,
229,MarShawn Lloyd,GB,5,RB63,,265,216,303,223,231,247.6,258  -29,
249,Ja'Tavion Sanders,CAR,14,TE30,357,259,,276,284,247,284.6,259  -10,
256,Cole Kmet,CHI,5,TE32,224,291,,228,,225,242,260  -4,
270,Jaylin Noel,HOU,6,WR84,,253,,369,248,201,267.8,261  +9,
239,Troy Franklin,DEN,12,WR74,269,309,,302,203,267,270,262  -23,
278,Michael Wilson,ARI,8,WR86,,261,,337,262,240,275,263  +15,
260,Roman Wilson,PIT,5,WR80,281,276,,366,246,334,300.6,264  -4,
280,Adonai Mitchell,IND,11,WR88,,248,,340,281,241,277.5,265  +15,
307,Diontae Johnson,CLE,9,WR96,,298,,279,,243,273.3,266  +41,
312,Sean Tucker,TB,9,RB87,,,,315,247,268,276.7,267  +45,
224,Brandon McManus,GB,5,K18,217,,215,205,210,323,234,268  -44,
282,Brashard Smith,KC,10,RB77,,255,,379,256,227,279.3,269  +13,
273,Darius Slayton,NYG,14,WR85,,272,,312,257,244,271.3,270  +3,
306,Jalen Coker,CAR,14,WR95,,254,,355,,210,273,271  +35,
291,Jarquez Hunter,LAR,8,RB80,,252,,528,188,236,301,272  +19,
226,Will Reichard,MIN,6,K19,213,231,,198,266,278,237.2,273  -47,
299,Dameon Pierce,HOU,6,RB82,354,,,301,255,342,313,274  +25,
285,Dyami Brown,JAC,8,WR90,,258,,381,260,238,284.3,275  +10,
268,Jalen Royals,KC,10,WR83,365,251,,425,272,234,309.4,276  -8,
264,Andrei Iosivas,CIN,10,WR81,,271,,280,232,254,259.3,277  -13,
324,Amari Cooper,,,WR99,,260,,390,,251,300.3,278  +46,
300,Joshua Karty,LAR,8,K23,,,,214,274,265,251,279  +21,
240,Miami Dolphins,DST,12,DST23,279,270,,222,289,298,271.6,280  -40,
296,Jason Myers,SEA,8,K22,257,,,180,,285,240.7,281  +15,
237,Trevor Etienne,CAR,14,RB65,,329,218,260,237,283,265.4,,
241,Zack Moss,,,RB67,294,344,,217,238,276,273.8,,
248,Taysom Hill,NO,11,TE29,243,346,145,287,,397,283.6,,
259,Calvin Austin III,PIT,5,WR79,,256,221,272,,237,246.5,,
262,Elijah Mitchell,KC,10,RB73,,296,,254,216,248,253.5,,
266,Indianapolis Colts,DST,11,DST26,176,299,,231,,337,260.8,,
267,Noah Gray,KC,10,TE33,241,286,,245,,273,261.3,,
269,Las Vegas Raiders,DST,8,DST27,226,284,,227,,324,265.3,,
271,Samaje Perine,CIN,10,RB75,,,159,310,268,345,270.5,,
272,Juwan Johnson,NO,11,TE34,,282,,275,285,242,271,,
275,Joe Flacco,CLE,9,QB33,247,305,,269,,266,271.8,,
276,New Orleans Saints,DST,11,DST28,235,287,,243,,327,273,,
277,Jalen Milroe,SEA,8,QB34,251,288,,290,,270,274.8,,
281,Justin Tucker,,,K21,214,278,,270,,352,278.5,,
283,Jordan James,SF,14,RB78,,280,,339,251,264,283.5,,
284,Kayshon Boutte,NE,14,WR89,383,350,,385,222,295,327,,
286,Jacksonville Jaguars,DST,8,DST29,264,303,,248,,333,287,,
287,Daniel Jones,IND,11,QB35,,307,,324,282,246,289.8,,
289,Tennessee Titans,DST,10,DST30,234,257,,266,,407,291,,
290,Tyler Higbee,LAR,8,TE35,307,323,,278,,256,291,,
292,Atlanta Falcons,DST,5,DST31,229,,,219,,239,229,,
293,Tyler Conklin,LAC,12,TE36,318,337,,263,,277,298.8,,
294,Dontayvion Wicks,GB,5,WR91,373,300,,320,,222,303.8,,
297,Terrance Ferguson,LAR,8,TE37,336,262,,349,,288,308.8,,
298,Antonio Gibson,NE,14,RB81,390,,,306,241,302,309.8,,
301,Cairo Santos,CHI,5,K24,185,,,224,,349,252.7,,
302,Devin Singletary,NYG,14,RB83,,,,256,226,301,261,,
303,Marquez Valdes-Scantling,SEA,8,WR93,366,339,,311,,287,325.8,,
304,Ray-Ray McCloud III,ATL,5,WR94,,,,323,211,274,269.3,,
305,Devin Neal,NO,11,RB84,,263,,537,273,281,338.5,,
310,Graham Gano,NYG,14,K25,230,,,249,,350,276.3,,
311,A.J. Dillon,PHI,9,RB86,,,,305,230,294,276.3,,
313,Kirk Cousins,ATL,5,QB36,236,,,277,,332,281.7,,
314,Luke McCaffrey,WAS,12,WR97,249,,,316,,290,285,,
315,Harold Fannin Jr.,CLE,9,TE39,311,277,,441,,326,338.8,,
316,Audric Estime,DEN,12,RB88,388,353,,345,,271,339.3,,
317,Andy Borregales,NE,14,K26,240,,,283,,336,286.3,,
318,Dawson Knox,BUF,7,TE40,228,,,247,,386,287,,
319,Tyler Shough,NO,11,QB37,,293,,343,,230,288.7,,
320,Ty Johnson,BUF,7,RB89,,,,318,253,313,294.7,,
321,Jalen Nailor,MIN,6,WR98,,,,314,277,293,294.7,,
322,Chad Ryland,ARI,8,K27,278,,,273,,341,297.3,,
323,Blake Grupe,NO,11,K28,244,,,237,,414,298.3,,
325,Elijah Moore,BUF,7,WR100,271,,,295,,338,301.3,,
326,Carolina Panthers,DST,14,DST32,221,,,286,,401,302.7,,
327,Tutu Atwell,LAR,8,WR101,,332,,325,,255,304,,
328,Tank Dell,HOU,6,WR102,252,,,258,,403,304.3,,
329,Jameis Winston,NYG,14,QB38,261,,,328,,325,304.7,,
330,Dustin Hopkins,CLE,9,K29,233,,,274,,420,309,,
331,Noah Fant,CIN,10,TE41,,356,,253,,321,310,,
332,Hunter Renfrow,CAR,14,WR103,245,,,333,,365,314.3,,
333,Luke Musgrave,GB,5,TE42,263,,,336,,348,315.7,,
334,Efton Chism III,NE,14,WR104,231,,,313,,409,317.7,,
335,Zamir White,LV,8,RB90,239,,,363,,356,319.3,,
336,Kenneth Gainwell,PIT,5,RB91,,,,284,259,421,321.3,,
337,Joey Slye,TEN,10,K30,276,,,282,,415,324.3,,
338,Christian Watson,GB,5,WR105,,314,,351,,308,324.3,,
339,Jahan Dotson,PHI,9,WR106,238,,,296,,440,324.7,,
340,Michael Mayer,LV,8,TE43,,357,,292,,335,328,,
341,Will Dissly,LAC,12,TE44,314,,,293,,382,329.7,,
342,Darnell Washington,PIT,5,TE45,260,,,288,,445,331,,
343,Emanuel Wilson,GB,5,RB92,,,,365,288,346,333,,
344,Olamide Zaccheaus,CHI,5,WR107,291,,,378,,331,333.3,,
345,Joe Milton III,DAL,10,QB39,302,,,326,,380,336,,
346,JuJu Smith-Schuster,KC,10,WR108,256,,,261,,,258.5,,
347,Tim Patrick,DET,8,WR109,286,,,330,,416,344,,
348,Jalen Tolbert,DAL,10,WR110,,,,285,,249,267,,
349,Austin Hooper,NE,14,TE46,284,,,329,,422,345,,
350,KaVontae Turpin,DAL,10,WR111,,,,241,,306,273.5,,
351,Mason Rudolph,PIT,5,QB40,292,,,361,,394,349,,
352,Nick Folk,NYJ,9,K31,237,,,322,,,279.5,,
353,AJ Barner,SEA,8,TE47,392,,,291,,383,355.3,,
354,KeAndre Lambert-Smith,LAC,12,WR112,289,,,417,,361,355.7,,
355,Tanner McKee,PHI,9,QB41,295,,,386,,387,356,,
356,Tre Tucker,LV,8,WR113,,,,297,,272,284.5,,
357,Jimmy Garoppolo,LAR,8,QB42,301,,,389,,379,356.3,,
358,Damien Martinez,SEA,8,RB93,445,,,396,,229,356.7,,
359,Jake Bobo,SEA,8,WR114,267,,,344,,459,356.7,,
360,Malik Willis,GB,5,QB43,322,,,397,,351,356.7,,
361,John Metchie III,PHI,9,WR115,304,,,382,,385,357,,
362,Matthew Wright,CAR,14,K32,340,,,334,,398,357.3,,
363,Jimmy Horn Jr.,CAR,14,WR116,274,,,304,,,289,,
364,Jordan Whittington,LAR,8,WR117,,333,,434,,315,360.7,,
365,Jermar Jefferson,TEN,10,RB94,223,,,362,,,292.5,,
366,Jalin Hyatt,NYG,14,WR118,300,,,401,,384,361.7,,
367,Oronde Gadsden II,LAC,12,TE48,439,311,,507,,343,400,,
368,Josh Oliver,MIN,6,TE49,299,,,332,,463,364.7,,
369,Demarcus Robinson,SF,14,WR119,400,,,348,,347,365,,
370,Ryan Fitzgerald,CAR,14,K33,246,,,357,,,301.5,,
371,Xavier Restrepo,TEN,10,WR120,,301,,481,,322,368,,
372,Nick Westbrook-Ikhine,MIA,12,WR121,,,,300,,305,302.5,,
373,Elijah Higgins,ARI,8,TE50,308,,,364,,434,368.7,,
374,Luke Schoonmaker,DAL,10,TE51,305,,,352,,452,369.7,,
375,Odell Beckham Jr.,,,WR122,253,,,358,,,305.5,,
376,Grant Calcaterra,PHI,9,TE52,296,,,319,,,307.5,,
377,Brandin Cooks,NO,11,WR123,,,,309,,307,308,,
378,Ben Sinnott,WAS,12,TE53,,312,,476,,328,372,,
379,Devaughn Vele,NO,11,WR124,,,,354,,263,308.5,,
380,Brock Wright,DET,8,TE54,277,,,342,,,309.5,,
381,Allen Lazard,NYJ,9,WR125,,,,331,,291,311,,
382,Tez Johnson,TB,9,WR126,355,,,448,,319,374,,
383,Will Howard,PIT,5,QB44,331,,,356,,437,374.7,,
384,Parker Romo,NE,14,K34,293,,,335,,,314,,
385,Mack Hollins,NE,14,WR127,330,,,360,,438,376,,
386,Isaiah Bond,CLE,9,WR128,250,,,555,,378,394.3,,
387,Deshaun Watson,CLE,9,QB45,259,,,371,,,315,,
388,Mac Jones,SF,14,QB46,326,,,380,,425,377,,
389,Craig Reynolds,DET,8,RB95,333,,,394,,404,377,,
390,Ty Chandler,MIN,6,RB96,298,,,383,,455,378.7,,
391,Caden Davis,,,K35,255,,,467,,419,380.3,,
392,Curtis Samuel,BUF,7,WR129,364,,,372,,411,382.3,,
393,Julian Hill,MIA,12,TE55,297,,,403,,450,383.3,,
394,Kalif Raymond,DET,8,WR130,319,,,370,,462,383.7,,
395,Carson Steele,KC,10,RB97,316,,,341,,,328.5,,
396,Jude McAtamney,NYG,14,K36,272,,,438,,449,386.3,,
397,David Moore,CAR,14,WR131,353,,,374,,435,387.3,,
398,Cooper Rush,BAL,7,QB47,348,,,410,,408,388.7,,
399,Harrison Mevis,NYJ,9,K37,232,,,437,,,334.5,,
400,Gardner Minshew II,KC,10,QB48,315,,,451,,405,390.3,,
401,Mitchell Trubisky,BUF,7,QB49,344,,,446,,381,390.3,,
402,Jarrett Stidham,DEN,12,QB50,386,,,413,,374,391,,
403,J.J. Taylor,,,RB98,258,,,416,,,337,,
404,Skyy Moore,SF,14,WR132,323,,,460,,392,391.7,,
405,Joshua Dobbs,NE,14,QB51,288,,,391,,,339.5,,
406,Parker Washington,JAC,8,WR133,441,,,427,,311,393,,
407,Tai Felton,MIN,6,WR134,396,,,485,,304,395,,
408,Deuce Vaughn,DAL,10,RB99,342,,,399,,448,396.3,,
409,Spencer Shrader,IND,11,K38,480,,,299,,413,397.3,,
410,Robert Woods,PIT,5,WR135,371,,,388,,439,399.3,,
411,Adam Trautman,DEN,12,TE56,352,,,350,,,351,,
412,Jermaine Burton,CIN,10,WR136,423,358,,472,,451,426,,
413,Cam Akers,NO,11,RB100,414,,,395,,396,401.7,,
414,Savion Williams,GB,5,WR137,404,,,783,,303,496.7,,
415,Mitchell Tinsley,CIN,10,WR138,280,,,432,,,356,,
416,Greg Joseph,,,K39,372,,,393,,447,404,,
417,Jake Browning,CIN,10,QB52,338,,,502,,376,405.3,,
418,Gunnar Helm,TEN,10,TE57,285,,,563,,433,427,,
419,Kenny Pickett,CLE,9,QB53,,,,384,,340,362,,
420,Marcus Mariota,WAS,12,QB54,442,,,443,,344,409.7,,
421,Mitchell Evans,CAR,14,TE58,273,,,773,,464,503.3,,
422,Quinn Ewers,MIA,12,QB55,345,,,402,,,373.5,,
423,Malik Washington,MIA,12,WR139,,,,435,,314,374.5,,
424,Kyle Juszczyk,SF,14,RB101,,,,250,,,250,,
425,Tommy DeVito,NYG,14,QB56,287,,,466,,,376.5,,
426,Scott Matlock,LAC,12,DT1,254,,,,,,254,,
427,Spencer Rattler,NO,11,QB57,,,,346,,412,379,,
428,Mo Alie-Cox,IND,11,TE59,406,,,408,,446,420,,
429,Jordan Travis,,,QB58,262,,,,,,262,,
430,John Samuel Shenker,,,TE60,265,,,,,,265,,
431,DeWayne McBride,,,RB102,266,,,,,,266,,
432,Andrew Peasley,,,QB59,,267,,,,,267,,
433,Matt Barkley,,,QB60,268,,,,,,268,,
434,Darrell Stewart Jr.,,,WR140,,269,,,,,269,,
435,Carson Wentz,,,QB61,363,,,406,,,384.5,,
436,Mason Crosby,,,K40,270,,,,,,270,,
437,Sam Howell,MIN,6,QB62,377,,,670,,393,480,,
438,Noah Brown,WAS,12,WR141,,,,373,,399,386,,
439,Zach Wilson,MIA,12,QB63,341,,,647,,431,473,,
440,Brian Lewerke,,,QB64,,273,,,,,273,,
441,C.J. Ham,MIN,6,RB103,328,,,445,,,386.5,,
442,Tommy Tremble,CAR,14,TE61,349,,,512,,424,428.3,,
443,Drew Lock,SEA,8,QB65,399,,,375,,,387,,
444,Braxton Berrios,HOU,6,WR142,275,,,593,,,434,,
445,Equanimeous St. Brown,,,WR143,283,,,495,,,389,,
446,J,,'mar Smith,,,QB66,,279,,,,,279
447,Jha'Quan Jackson,TEN,10,WR144,427,,,,,353,390,,
448,Leonard Fournette,,,RB104,408,,,,,372,390,,
449,Damion JeanPiere Jr.,,,WR145,,281,,,,,281,,
450,Jaden Smith,,,WR146,,285,,,,,285,,
451,Frank Gore Jr.,BUF,7,RB105,381,,,404,,,392.5,,
452,Daniel Bellinger,NYG,14,TE62,324,,,462,,,393,,
453,Andy Dalton,CAR,14,QB67,389,,,442,,456,429,,
454,Roquan Smith,BAL,7,LB1,,289,,,,,289,,
455,Anders Carlson,,,K41,472,,,400,,417,429.7,,
456,Ezekiel Elliott,,,RB106,290,,,,,,290,,
457,Matthew Slater,,,WR147,,292,,,,,292,,
458,Joshua Perkins,,,TE63,,294,,,,,294,,
459,Hendon Hooker,DET,8,QB68,332,,,463,,,397.5,,
460,Mecole Hardman Jr.,GB,5,WR148,385,,,412,,,398.5,,
461,Zane Gonzalez,,,K42,369,,,578,,430,459,,
462,Patrick Ricard,BAL,7,RB107,391,,,409,,,400,,
463,Michael Pratt,,,QB69,303,,,,,,303,,
464,Tylan Wallace,BAL,7,WR149,384,,,419,,,401.5,,
465,Vance McDonald,,,TE64,,304,,,,,304,,
466,Jaylen Johnson,LAC,12,WR150,,306,,,,,306,,
467,Jacob Kibodi,,,RB108,306,,,,,,306,,
468,Sterling Shepard,TB,9,WR151,447,,,359,,,403,,
469,LaJohntay Wester,BAL,7,WR152,368,,,439,,,403.5,,
470,Ainias Smith,PHI,9,WR153,420,,,387,,,403.5,,
471,Ketron Jackson Jr.,LV,8,WR154,,308,,604,,,456,,
472,Stetson Bennett IV,LAR,8,QB70,309,,,691,,,500,,
473,Kenny Stills,,,WR155,,310,,,,,310,,
474,Dalvin Cook,,,RB109,312,,,,,,312,,
475,Gabe Davis,,,WR156,,,,,,312,312,,
476,Josh,Ali,,WR157,,313,,,,,313,,
477,Cade Stover,HOU,6,TE65,313,,,547,,,430,,
478,Lil'Jordan Humphrey,NYG,14,WR158,367,,,450,,,408.5,,
479,Ricky White III,SEA,8,WR159,,,,724,,318,521,,
480,Julius Chestnut,TEN,10,RB110,320,,,525,,,422.5,,
481,Kenjon Barner,,,RB111,,321,,,,,321,,
482,John Ross,,,WR160,321,,,,,,321,,
483,Kevin Davidson,,,QB71,,322,,,,,322,,
484,Kendrick Bourne,NE,14,WR161,410,,,447,,465,440.7,,
485,Theo Riddick,,,RB112,,324,,,,,324,,
486,Randy Bullock,,,K43,325,,,,,,325,,
487,Senorise Perry,,,RB113,,325,,,,,325,,
488,Trey Lance,LAC,12,QB72,405,,,420,,,412.5,,
489,Eric Rogers,LAC,12,CB1,,326,,,,,326,,
490,Justin Watson,HOU,6,WR162,415,,,411,,,413,,
491,Max Duggan,,,QB73,327,,,,,,327,,
492,Juwann Winfree,HOU,6,WR163,,328,,607,,,467.5,,
493,Ben DiNucci,ATL,5,QB74,329,,,,,,329,,
494,TreVontae Hights,,,WR164,,330,,,,,330,,
495,Kadarius Toney,,,WR165,374,,,456,,,415,,
496,Eddy Pineiro,,,K44,337,,,494,,,415.5,,
497,Nathan Rourke,,,QB75,334,,,,,,334,,
498,Isaac,Rex,,TE66,,335,,,,,335,,
499,Matt Prater,,,K45,351,,,484,,,417.5,,
500,John Bates,WAS,12,TE67,335,,,650,,,492.5,,
501,Darrell Henderson Jr.,,,RB114,339,,,,,,339,,
502,Jalen White,,,RB115,,,,480,,359,419.5,,
503,Darius Cooper,PHI,9,WR166,,,,468,,371,419.5,,
504,Josh Reynolds,NYJ,9,WR167,,,,579,,339,459,,
505,Calvin Jackson Jr.,,,WR168,,340,,,,,340,,
506,Noah Cain,,,RB116,,341,,,,,341,,
507,Nick Bowers,,,TE68,,342,,,,,342,,
508,Carson Williams,,,TE69,,343,,,,,343,,
509,Jermaine Jackson,,,WR169,343,,,,,,343,,
510,Van Jefferson,TEN,10,WR170,,,,415,,429,422,,
511,Ventell Bryant,,,WR171,,345,,,,,345,,
512,Dallin Holker,,,TE70,346,,,847,,,596.5,,
513,Lenny Krieg,ATL,5,K46,,,,347,,,347,,
514,Drew Sample,CIN,10,TE71,470,,,377,,,423.5,,
515,Jaylin Lane,WAS,12,WR172,419,,,509,,428,452,,
516,Ja'Corey Brooks,WAS,12,WR173,350,,,568,,,459,,
517,Jalen Guyton,,,WR174,,354,,,,,354,,
518,George Campbell,,,WR175,,,,,,354,354,,
519,Kazmeir Allen,WAS,12,WR176,,,,723,,355,539,,
520,Julio Jones,,,WR177,356,,,,,,356,,
521,Trey Sermon,PIT,5,RB117,,,,457,,400,428.5,,
522,Lucky Jackson,MIN,6,WR178,358,,,544,,,451,,
523,Tyrell Shavers,BUF,7,WR179,,,,719,,358,538.5,,
524,Taylor Morin,PHI,9,WR180,,359,,,,,359,,
525,Cade York,,,K47,438,,,421,,,429.5,,
526,Teddy Bridgewater,TB,9,QB76,359,,,566,,,462.5,,
527,Devon Allen,,,WR181,,360,,,,,360,,
528,Raheem Blackshear,CAR,14,RB118,360,,,682,,,521,,
529,Cam Newton,,,QB77,,,,,,362,362,,
530,Brett Maher,,,K48,362,,,,,,362,,
531,Konata Mumpfield,LAR,8,WR182,,,,686,,363,524.5,,
532,Ian Book,,,QB78,,,,,,364,364,,
533,Wendell Smallwood,,,RB119,,,,,,366,366,,
534,Cole Beasley,,,WR183,,,,,,367,367,,
535,Jason Brownlee,KC,10,WR184,,,,,,368,368,,
536,Greg Zuerlein,,,K49,464,,,405,,,434.5,,
537,Boston Scott,,,RB120,370,,,,,,370,,
538,Phil Mafah,DAL,10,RB121,,,,778,,370,574,,
539,Kalel Mullings,TEN,10,RB122,,,,894,,373,633.5,,
540,Robert Griffin,III,,QB79,,,,,,375,375,,
541,Colby Parkinson,LAR,8,TE72,,,,418,,457,437.5,,
542,Tyson Bagent,CHI,5,QB80,375,,,699,,,537,,
543,Greg Dortch,ARI,8,WR185,,,,449,,427,438,,
544,Devontez Walker,BAL,7,WR186,376,,,728,,,552,,
545,Tyquan Thornton,KC,10,WR187,416,,,461,,,438.5,,
546,Nick Mullens,JAC,8,QB81,,,,583,,377,480,,
547,D.J. Montgomery,IND,11,WR188,378,,,504,,,441,,
548,Jonathan Mingo,DAL,10,WR189,455,,,526,,423,468,,
549,Michael Badgley,,,K50,379,,,,,,379,,
550,Connor Heyward,PIT,5,TE73,482,,,398,,,440,,
551,Nikko Remigio,KC,10,WR190,380,,,539,,,459.5,,
552,Anthony Brown Jr.,,,QB82,382,,,,,,382,,
553,Dillon Gabriel,CLE,9,QB83,,,,479,,406,442.5,,
554,D.J. Williams,,,RB123,387,,,851,,,619,,
555,Dominic Lovett,DET,8,WR191,,,,781,,388,584.5,,
556,Jamari Thrash,CLE,9,WR192,,,,732,,389,560.5,,
557,George Holani,SEA,8,RB124,454,,,436,,,445,,
558,Cedrick Wilson Jr.,NO,11,WR193,,,,592,,390,491,,
559,Tyree Jackson,WAS,12,TE74,,,,802,,391,596.5,,
560,Derius Davis,LAC,12,WR194,393,,,533,,,463,,
561,Donovan Peoples-Jones,,,WR195,394,,,,,,394,,
562,Tyler Goodson,IND,11,RB125,473,,,422,,,447.5,,
563,Michael Carter,ARI,8,RB126,,,,646,,395,520.5,,
564,Tommy Mellott,LV,8,QB84,395,,,683,,,539,,
565,Aidan O'Connell,LV,8,QB85,469,,,428,,,448.5,,
566,Charlie Jones,CIN,10,WR196,397,,,685,,,541,,
567,Scotty Miller,PIT,5,WR197,398,,,505,,,451.5,,
568,Zay Jones,ARI,8,WR198,488,,,576,,410,491.3,,
569,Kyle Allen,DET,8,QB86,402,,,498,,,450,,
570,Rasheen Ali,BAL,7,RB127,430,,,471,,,450.5,,
571,Arian Smith,NYJ,9,WR199,443,,,703,,458,534.7,,
572,Khalil Herbert,IND,11,RB128,,,,513,,402,457.5,,
573,Tanner Brown,,,K51,403,,,,,,403,,
574,Jordan Watkins,SF,14,WR200,471,,,632,,432,511.7,,
575,Trey Palmer,TB,9,WR201,,,,464,,442,453,,
576,Jeremy McNichols,WAS,12,RB129,,,,407,,,407,,
577,Louis Rees-Zammit,,,RB130,407,,,,,,407,,
578,Riley Patterson,,,K52,451,,,458,,,454.5,,
579,Luke Farrell,SF,14,TE75,409,,,516,,,462.5,,
580,Kimani Vidal,LAC,12,RB131,,,,474,,436,455,,
581,Michael Burton,DEN,12,RB132,466,,,444,,,455,,
582,Jared Wiley,KC,10,TE76,411,,,549,,,480,,
583,Austin Seibert,,,K53,413,,,,,,413,,
584,Clyde Edwards-Helaire,NO,11,RB133,,,,414,,,414,,
585,Brandon Allen,TEN,10,QB87,426,,,488,,,457,,
586,Jeremy Ruckert,NYJ,9,TE77,417,,,523,,,470,,
587,Matt Ammendola,,,K54,418,,,,,,418,,
588,Emari Demercado,ARI,8,RB134,,,,541,,418,479.5,,
589,Ryan Tannehill,,,QB88,421,,,,,,421,,
590,Brittain Brown,CHI,5,RB135,422,,,662,,,542,,
591,Hassan Haskins,LAC,12,RB136,,,,423,,,423,,
592,Sincere McCormick,LV,8,RB137,,,,424,,,424,,
593,Gavin Bartholomew,MIN,6,TE78,424,,,689,,,556.5,,
594,Kyle Trask,TB,9,QB89,425,,,649,,,537,,
595,Chimere Dike,TEN,10,WR202,481,,,893,,444,606,,
596,Dorian Thompson-Robinson,PHI,9,QB90,,,,426,,,426,,
597,Isaiah Davis,NYJ,9,RB138,,,,553,,426,489.5,,
598,Avery Williams,PHI,9,RB139,428,,,639,,,533.5,,
599,E.J. Jenkins,PHI,9,TE79,,,,429,,,429,,
600,Robbie Chosen,SF,14,WR203,429,,,792,,,610.5,,
601,Hunter Luepke,DAL,10,RB140,,,,430,,,430,,
602,Chris Brooks,GB,5,RB141,,,,431,,,431,,
603,Brayden Narveson,,,K55,431,,,,,,431,,
604,Devin Duvernay,CHI,5,WR204,432,,,613,,,522.5,,
605,Henry Pearson,,,RB142,433,,,,,,433,,
606,Sione Vaki,DET,8,RB143,,,,433,,,433,,
607,Riley Leonard,IND,11,QB91,434,,,787,,,610.5,,
608,SaRodorick Thompson Jr.,,,RB144,435,,,,,,435,,
609,Phillip Dorsett II,LV,8,WR205,436,,,,,,436,,
610,Jaren Hall,,,QB92,437,,,,,,437,,
611,Jared Wayne,,,WR206,440,,,,,,440,,
612,Foster Moreau,NO,11,TE80,,,,501,,441,471,,
613,Josh Whyle,TEN,10,TE81,,,,530,,443,486.5,,
614,Ihmir Smith-Marsette,NYG,14,WR207,444,,,,,,444,,
615,KJ Hamler,BUF,7,WR208,446,,,,,,446,,
616,Trent Taylor,SF,14,WR209,448,,,,,,448,,
617,Donovan Edwards,NYJ,9,RB145,449,,,538,,,493.5,,
618,Davis Allen,LAR,8,TE82,450,,,532,,,491,,
619,Gunner Olszewski,NYG,14,WR210,452,,,,,,452,,
620,Jalin Conyers,MIA,12,TE83,,,,,,453,453,,
621,Keith Kirkwood,BAL,7,WR211,453,,,796,,,624.5,,
622,Jonathan Ward,NYG,14,RB146,,,,454,,,454,,
623,David Bell,CLE,9,WR212,,,,823,,454,638.5,,
624,Kylen Granson,PHI,9,TE84,,,,455,,,455,,
625,Cordarrelle Patterson,,,RB147,456,,,565,,,510.5,,
626,Jalen Reagor,LAC,12,WR213,457,,,628,,,542.5,,
627,LeQuint Allen Jr.,JAC,8,RB148,458,,,788,,,623,,
628,Tyler Badie,DEN,12,RB149,,,,459,,,459,,
629,Charlie Kolar,BAL,7,TE85,459,,,520,,,489.5,,
630,Armani Rogers,,,TE86,460,,,,,,460,,
631,Nick Nash,ATL,5,WR214,,,,862,,460,661,,
632,Tyler Johnson,NYJ,9,WR215,,,,508,,461,484.5,,
633,KhaDarel Hodge,ATL,5,WR216,461,,,598,,,529.5,,
634,Bailey Zappe,KC,10,QB93,462,,,664,,,563,,
635,Robbie Ouzts,SEA,8,TE87,463,,,731,,,597,,
636,Travis Homer,CHI,5,RB150,465,,,503,,,484,,
637,Payne Durham,TB,9,TE88,467,,,536,,,501.5,,
638,Brady Russell,SEA,8,TE89,468,,,706,,,587,,
639,Nate Adkins,DEN,12,TE90,,,,469,,,469,,
640,Ben Sauls,PIT,5,K56,,,,470,,,470,,
641,Charlie Smyth,NO,11,K57,,,,473,,,473,,
642,Charlie Woerner,ATL,5,TE91,474,,,630,,,552,,
643,Jacob Cowing,SF,14,WR217,,,,475,,,475,,
644,Terrace Marshall Jr.,PHI,9,WR218,475,,,511,,,493,,
645,Gus Edwards,,,RB151,476,,,597,,,536.5,,
646,Terrell Jennings,NE,14,RB152,,,,477,,,477,,
647,Ashton Dulin,IND,11,WR219,477,,,805,,,641,,
648,Tyreik McAllister,,,RB153,478,,,,,,478,,
649,Zach Pascal,,,WR220,479,,,582,,,530.5,,
650,Josh Johnson,WAS,12,QB94,,,,482,,,482,,
651,Tyrod Taylor,NYJ,9,QB95,,,,483,,,483,,
652,Tanner Hudson,CIN,10,TE92,483,,,596,,,539.5,,
653,Robert Tonyan,KC,10,TE93,493,,,491,,,492,,
654,Nathan Peterman,,,QB96,485,,,,,,485,,
655,Tre Watson,KC,10,TE94,,,,486,,,486,,
656,Tim Jones,MIN,6,WR221,486,,,510,,,498,,
657,Jacoby Brissett,ARI,8,QB97,,,,487,,,487,,
658,Michael Gallup,WAS,12,WR222,487,,,585,,,536,,
659,Eric Saubert,SEA,8,TE95,,,,489,,,489,,
660,Deon Jackson,DET,8,RB154,489,,,637,,,563,,
661,Case Keenum,CHI,5,QB98,490,,,,,,490,,
662,Jamaal Williams,,,RB155,,,,490,,,490,,
663,Tyler Scott,CHI,5,WR223,491,,,,,,491,,
664,Dare Ogunbowale,HOU,6,RB156,,,,492,,,492,,
665,Mason Tipton,NO,11,WR224,492,,,560,,,526,,
666,Mark McNamee,GB,5,K58,,,,493,,,493,,
667,Xazavian Valladay,MIN,6,RB157,494,,,,,,494,,
668,River Cracraft,WAS,12,WR225,495,,,,,,495,,
669,Ian Thomas,LV,8,TE96,,,,496,,,496,,
670,DeeJay Dallas,ARI,8,RB158,496,,,631,,,563.5,,
671,Jeff Wilson Jr.,SF,14,RB159,,,,497,,,497,,
672,Collin Johnson,LV,8,WR226,497,,,,,,497,,
673,Jason Cabinda,,,LB2,498,,,,,,498,,
674,Tim Boyle,,,QB99,,,,499,,,499,,
675,Pharaoh Brown,MIA,12,TE97,499,,,584,,,541.5,,
676,Alec Ingold,MIA,12,RB160,,,,500,,,500,,
677,Lucas Havrisik,,,K59,500,,,,,,500,,
678,Harrison Bryant,HOU,6,TE98,,,,506,,,506,,
679,Davis Mills,HOU,6,QB100,,,,515,,,515,,
680,Mitch Van Vooren,CLE,9,WR227,,,,517,,,517,,
681,Elijah Young,BUF,7,RB161,,,,518,,,518,,
682,John FitzPatrick,GB,5,TE99,,,,519,,,519,,
683,Skylar Thompson,PIT,5,QB101,,,,521,,,521,,
684,Pierre Strong Jr.,CLE,9,RB162,,,,522,,,522,,
685,Tyrion Davis-Price,GB,5,RB163,,,,524,,,524,,
686,Jalen Brooks,DAL,10,WR228,,,,527,,,527,,
687,Xavier Hutchinson,HOU,6,WR229,,,,531,,,531,,
688,Ronnie Bell,DET,8,WR230,,,,534,,,534,,
689,Jordan Mims,TEN,10,RB164,,,,540,,,540,,
690,Blake Whiteheart,CLE,9,TE100,,,,542,,,542,,
691,Ryan Miller,TB,9,WR231,,,,543,,,543,,
692,Ryan Flournoy,DAL,10,WR232,,,,545,,,545,,
693,Ryan,Coe,,K60,,,,546,,,546,,
694,Caden Prieskorn,DEN,12,TE101,,,,548,,,548,,
695,Javon Baker,NE,14,WR233,,,,551,,,551,,
696,Jaheim Bell,,,TE102,,,,552,,,552,,
697,Kendall Milton,CIN,10,RB165,,,,556,,,556,,
698,Baylor Cupp,BAL,7,TE103,,,,557,,,557,,
699,Blake Watson,DEN,12,RB166,,,,559,,,559,,
700,Terique Owens,SF,14,WR234,,,,561,,,561,,
701,Jonathan,Kim,,K61,,,,562,,,562,,
702,Maddux Trujillo,IND,11,K62,,,,564,,,564,,
703,Marcus Yarns,NO,11,RB167,,,,567,,,567,,
704,Raheim Sanders,LAC,12,RB168,,,,569,,,569,,
705,DeAndre Carter,CLE,9,WR235,,,,570,,,570,,
706,Taylor Heinicke,LAC,12,QB102,,,,571,,,571,,
707,Chris Moore,WAS,12,WR236,,,,572,,,572,,
708,Laquon Treadwell,IND,11,WR237,,,,573,,,573,,
709,Kyle McCord,PHI,9,QB103,,,,574,,,574,,
710,Tyler Boyd,,,WR238,,,,575,,,575,,
711,Max Brosmer,MIN,6,QB104,,,,577,,,577,,
712,Jamal Agnew,ATL,5,WR239,,,,580,,,580,,
713,Johnny Mundt,JAC,8,TE104,,,,581,,,581,,
714,Hayden Hurst,,,TE105,,,,586,,,586,,
715,John Kelly Jr.,,,RB169,,,,587,,,587,,
716,Anthony Miller,BAL,7,WR240,,,,588,,,588,,
717,Dante Pettis,NO,11,WR241,,,,589,,,589,,
718,Durham Smythe,CHI,5,TE106,,,,590,,,590,,
719,DJ Uiagalelei,LAC,12,QB105,,,,591,,,591,,
720,Key'Shawn Smith,KC,10,WR242,,,,594,,,594,,
721,Ross Dwelley,,,TE107,,,,595,,,595,,
722,Trayveon Williams,CLE,9,RB170,,,,600,,,600,,
723,Miles Boykin,CHI,5,WR243,,,,601,,,601,,
724,Brett Rypien,MIN,6,QB106,,,,602,,,602,,
725,Irv Smith Jr.,HOU,6,TE108,,,,603,,,603,,
726,Jakob Johnson,HOU,6,RB171,,,,605,,,605,,
727,Trenton Irwin,JAC,8,WR244,,,,606,,,606,,
728,Malik Taylor,DET,8,WR245,,,,608,,,608,,
729,Steven Sims Jr.,SEA,8,WR246,,,,609,,,609,,
730,Alex Bachman,LV,8,WR247,,,,610,,,610,,
731,Tom Kennedy,DET,8,WR248,,,,611,,,611,,
732,D'Ernest Johnson,BAL,7,RB172,,,,612,,,612,,
733,Tyler Huntley,CLE,9,QB107,,,,614,,,614,,
734,James Proche II,TEN,10,WR249,,,,615,,,615,,
735,Silas Bolden,MIN,6,WR250,,,,616,,,616,,
736,Isaiah Hodgins,SF,14,WR251,,,,617,,,617,,
737,Giovanni Ricci,MIN,6,TE109,,,,618,,,618,,
738,Scotty Washington,BAL,7,WR252,,,,619,,,619,,
739,Brock Lampe,NE,14,RB173,,,,620,,,620,,
740,Beaux Collins,NYG,14,WR253,,,,621,,,621,,
741,Quintez Cephus,HOU,6,WR254,,,,622,,,622,,
742,Laviska Shenault Jr.,BUF,7,WR255,,,,623,,,623,,
743,Cody White,SEA,8,WR256,,,,624,,,624,,
744,Trishton Jackson,ARI,8,WR257,,,,625,,,625,,
745,Bryce Perkins,CAR,14,QB108,,,,626,,,626,,
746,K.J. Osborn,WAS,12,WR258,,,,627,,,627,,
747,JaMycal Hasty,NE,14,RB174,,,,629,,,629,,
748,Nick Kallerup,SEA,8,TE110,,,,633,,,633,,
749,Roc Taylor,,,WR259,,,,634,,,634,,
750,Lawrence Cager,WAS,12,WR260,,,,635,,,635,,
751,Tarik Black,,,WR261,,,,636,,,636,,
752,Kenny Yeboah,DET,8,TE111,,,,638,,,638,,
753,Dez Fitzpatrick,,,WR262,,,,640,,,640,,
754,Sam Ehlinger,DEN,12,QB109,,,,641,,,641,,
755,Cornell Powell,HOU,6,WR263,,,,642,,,642,,
756,Ben Skowronek,PIT,5,WR264,,,,643,,,643,,
757,Zach Davidson,BUF,7,TE112,,,,644,,,644,,
758,Gary Brightwell,CIN,10,RB175,,,,645,,,645,,
759,Dee Eskridge,MIA,12,WR265,,,,648,,,648,,
760,Adam Prentice,DEN,12,RB176,,,,651,,,651,,
761,Jack Stoll,NO,11,TE113,,,,652,,,652,,
762,Jaret Patterson,LAC,12,RB177,,,,653,,,653,,
763,Shane Zylstra,DET,8,TE114,,,,654,,,654,,
764,Desmond Ridder,CIN,10,QB110,,,,655,,,655,,
765,Velus Jones Jr.,NO,11,WR266,,,,656,,,656,,
766,Michael Woods,II,,WR267,,,,657,,,657,,
767,Greg Dulcich,NYG,14,TE115,,,,658,,,658,,
768,Drew Ogletree,IND,11,TE116,,,,660,,,660,,
769,Jelani Woods,IND,11,TE117,,,,661,,,661,,
770,Nick Muse,PHI,9,TE118,,,,663,,,663,,
771,Irvin Charles,NYJ,9,WR268,,,,665,,,665,,
772,Zonovan Knight,ARI,8,RB178,,,,666,,,666,,
773,Britain Covey,LAR,8,WR269,,,,667,,,667,,
774,Bo Melton,GB,5,WR270,,,,668,,,668,,
775,Dareke Young,SEA,8,WR271,,,,669,,,669,,
776,Justyn Ross,,,WR272,,,,671,,,671,,
777,Kendric Pryor,CIN,10,WR273,,,,672,,,672,,
778,Kaden Davis,CLE,9,WR274,,,,673,,,673,,
779,Brandon Johnson,PIT,5,WR275,,,,674,,,674,,
780,Kevin Austin Jr.,NO,11,WR276,,,,675,,,675,,
781,Braylon Sanders,WAS,12,WR277,,,,676,,,676,,
782,Lucas Krull,DEN,12,TE119,,,,677,,,677,,
783,Jashaun Corbin,ATL,5,RB179,,,,678,,,678,,
784,Ronnie Rivers,LAR,8,RB180,,,,679,,,679,,
785,Stone Smartt,NYJ,9,TE120,,,,680,,,680,,
786,Tucker Fisk,LAC,12,TE121,,,,681,,,681,,
787,Justin Shorter,LV,8,WR278,,,,684,,,684,,
788,Cam Miller,LV,8,QB111,,,,687,,,687,,
789,Jake Briningstool,KC,10,TE122,,,,688,,,688,,
790,Zach Evans,,,RB181,,,,692,,,692,,
791,Xavier Smith,LAR,8,WR279,,,,693,,,693,,
792,Jake Haener,NO,11,QB112,,,,694,,,694,,
793,Eric Gray,NYG,14,RB182,,,,695,,,695,,
794,Israel Abanikanda,GB,5,RB183,,,,696,,,696,,
795,Thomas Fidone II,NYG,14,TE123,,,,697,,,697,,
796,Brayden Willis,SF,14,TE124,,,,698,,,698,,
797,Andre Szmyt,CLE,9,K63,,,,700,,,700,,
798,Malik Heath,GB,5,WR280,,,,701,,,701,,
799,Zavier Scott,MIN,6,WR281,,,,702,,,702,,
800,Xavier Gipson,NYJ,9,WR282,,,,704,,,704,,
801,Ben VanSumeren,PHI,9,LB3,,,,705,,,705,,
802,Montrell Johnson Jr.,PHI,9,RB184,,,,707,,,707,,
803,JJ Galbreath,PIT,5,TE125,,,,708,,,708,,
804,Shedrick Jackson,LV,8,WR283,,,,709,,,709,,
805,Jalen Cropper,DAL,10,WR284,,,,710,,,710,,
806,Princeton Fant,DAL,10,TE126,,,,711,,,711,,
807,Chase Cota,CLE,9,WR285,,,,712,,,712,,
808,Brady Cook,NYJ,9,QB113,,,,713,,,713,,
809,Ben Wooldridge,,,QB114,,,,714,,,714,,
810,Elijhah Badger,KC,10,WR286,,,,715,,,715,,
811,Thayer Thomas,MIN,6,WR287,,,,716,,,716,,
812,Malik Knowles,SF,14,WR288,,,,717,,,717,,
813,Johnny Lumpkin,GB,5,TE127,,,,718,,,718,,
814,Corey Kiner,SF,14,RB185,,,,720,,,720,,
815,Rakim Jarrett,TB,9,WR289,,,,721,,,721,,
816,Tanner Taula,TB,9,TE128,,,,722,,,722,,
817,Jase McClellan,TB,9,RB186,,,,725,,,725,,
818,Casey Washington,ATL,5,WR290,,,,726,,,726,,
819,Devin Leary,BAL,7,QB115,,,,727,,,727,,
820,Jonathon Brooks,CAR,14,RB187,,,,729,,,729,,
821,Erick All Jr.,CIN,10,TE129,,,,730,,,730,,
822,Max Hurleman,PIT,5,CB2,,,,733,,,733,,
823,Anthony Gould,IND,11,WR291,,,,734,,,734,,
824,Keilan Robinson,PHI,9,RB188,,,,735,,,735,,
825,Dylan Laube,LV,8,RB189,,,,736,,,736,,
826,Bub Means,NO,11,WR292,,,,738,,,738,,
827,Dante Miller,NYG,14,RB190,,,,739,,,739,,
828,Malachi Corley,NYJ,9,WR293,,,,740,,,740,,
829,Tip Reiman,ARI,8,TE130,,,,741,,,741,,
830,Phil Lutz,,,WR294,,,,742,,,742,,
831,Devin Culp,TB,9,TE131,,,,743,,,743,,
832,Winston Wright,,,WR295,,,,744,,,744,,
833,Emory Jones,ATL,5,QB116,,,,746,,,746,,
834,Emani Bailey,CAR,14,RB191,,,,747,,,747,,
835,Jacardia Wright,SEA,8,RB192,,,,748,,,748,,
836,Austin Reed,CHI,5,QB117,,,,749,,,749,,
837,Ian Wheeler,CHI,5,RB193,,,,750,,,750,,
838,Cam Grandy,CIN,10,TE132,,,,751,,,751,,
839,Brevyn Spann-Ford,DAL,10,TE133,,,,752,,,752,,
840,Thomas Yassmin,LAC,12,TE134,,,,753,,,753,,
841,Isaiah Williams,CIN,10,WR296,,,,754,,,754,,
842,Jason Bean,IND,11,QB118,,,,755,,,755,,
843,Kedon Slovis,HOU,6,QB119,,,,756,,,756,,
844,Carter Bradley,SF,14,QB120,,,,757,,,757,,
845,Xavier Weaver,ARI,8,WR297,,,,758,,,758,,
846,David Martin-Robinson,TEN,10,TE135,,,,759,,,759,,
847,Bryce Oliver,TEN,10,WR298,,,,760,,,760,,
848,Jabari Small,,,RB194,,,,761,,,761,,
849,John Rhys Plumlee,SEA,8,QB121,,,,762,,,762,,
850,Tanner Mordecai,SF,14,QB122,,,,763,,,763,,
851,Cody Schrader,LAR,8,RB195,,,,764,,,764,,
852,Kameron Johnson,TB,9,WR299,,,,765,,,765,,
853,Sam Hartman,WAS,12,QB123,,,,766,,,766,,
854,Colson Yankoff,WAS,12,TE136,,,,767,,,767,,
855,Alex Hale,,,K64,,,,768,,,768,,
856,Jahmal Banks,BAL,7,WR300,,,,769,,,769,,
857,Marcus Major Jr.,,,RB196,,,,770,,,770,,
858,Kelly Akharaiyi,,,WR301,,,,771,,,771,,
859,Jackson Hawes,BUF,7,TE137,,,,772,,,772,,
860,Deion Hankins,CHI,5,RB197,,,,774,,,774,,
861,Ahmani Marshall,CLE,9,RB198,,,,775,,,775,,
862,Rivaldo Fairweather,DAL,10,TE138,,,,776,,,776,,
863,Traeshon Holden,DAL,10,WR302,,,,777,,,777,,
864,Courtney Jackson,DEN,12,WR303,,,,779,,,779,,
865,Caleb Lohner,DEN,12,TE139,,,,780,,,780,,
866,Drake Dabney,TEN,10,TE140,,,,784,,,784,,
867,Graham Mertz,HOU,6,QB124,,,,785,,,785,,
868,Ajou Ajou,IND,11,WR304,,,,786,,,786,,
869,Ja'Quinden Jackson,JAC,8,RB199,,,,789,,,789,,
870,Patrick Herbert,JAC,8,TE141,,,,790,,,790,,
871,Nate Sudfeld,,,QB125,,,,791,,,791,,
872,DJ Chark Jr.,,,WR305,,,,793,,,793,,
873,Russell Gage Jr.,SF,14,WR306,,,,794,,,794,,
874,Mike Boone,MIA,12,RB200,,,,795,,,795,,
875,Trent Sherfield Sr.,DEN,12,WR307,,,,797,,,797,,
876,Malik Turner,SF,14,WR308,,,,798,,,798,,
877,John Wolford,JAC,8,QB126,,,,799,,,799,,
878,Will Grier,DAL,10,QB127,,,,801,,,801,,
879,Kelvin Harmon,,,WR309,,,,803,,,803,,
880,Andrew Beck,NYJ,9,TE142,,,,804,,,804,,
881,Andy Isabella,,,WR310,,,,806,,,806,,
882,David Sills,ATL,5,WR311,,,,807,,,807,,
883,Demetric Felton Jr.,WAS,12,RB201,,,,809,,,809,,
884,Simi Fehoko,ARI,8,WR312,,,,810,,,810,,
885,Seth Williams,LV,8,WR313,,,,811,,,811,,
886,Kawaan Baker,GB,5,WR314,,,,812,,,812,,
887,Tre,,' McKitty,,,TE143,,,,814,,,814
888,Quintin Morris,JAC,8,TE144,,,,815,,,815,,
889,Feleipe Franks,ATL,5,QB128,,,,816,,,816,,
890,Austin Trammell,JAC,8,WR315,,,,817,,,817,,
891,Brandon Smith,NYJ,9,WR316,,,,818,,,818,,
892,Michael Bandy,DEN,12,WR317,,,,819,,,819,,
893,Sal Cannella,CLE,9,TE145,,,,820,,,820,,
894,Michael Jacobson,NO,11,TE146,,,,821,,,821,,
895,Jake Tonges,SF,14,TE147,,,,822,,,822,,
896,Montrell Washington,,,WR318,,,,824,,,824,,
897,James Mitchell,CAR,14,TE148,,,,825,,,825,,
898,Samori Toure,CHI,5,WR319,,,,826,,,826,,
899,Teagan Quitoriano,ATL,5,TE149,,,,827,,,827,,
900,Lance McCutcheon,PIT,5,WR320,,,,828,,,828,,
901,Erik Ezukanma,MIA,12,WR321,,,,829,,,829,,
902,Kevin Harris,JAC,8,RB202,,,,830,,,830,,
903,Chris Oladokun,KC,10,QB129,,,,831,,,831,,
904,Ko Kieft,TB,9,TE150,,,,832,,,832,,
905,Zaire Mitchell-Paden,BAL,7,TE151,,,,833,,,833,,
906,Malik Davis,DAL,10,RB203,,,,834,,,834,,
907,Dennis Houston,TB,9,WR322,,,,835,,,835,,
908,Jalen Virgil,,,WR323,,,,836,,,836,,
909,Seth Green,NO,11,TE152,,,,837,,,837,,
910,Jarveon Howard,BUF,7,RB204,,,,838,,,838,,
911,Messiah Swinson,GB,5,TE153,,,,839,,,839,,
912,McCallan Castles,LAR,8,TE154,,,,840,,,840,,
913,Jack Westover,NE,14,TE155,,,,841,,,841,,
914,Julian Hicks,GB,5,WR324,,,,842,,,842,,
915,Cole Burgess,CIN,10,WR325,,,,843,,,843,,
916,Joshua Cephus,JAC,8,WR326,,,,844,,,844,,
917,Jeshaun Jones,MIN,6,WR327,,,,846,,,846,,
918,Steven Stilianos,DET,8,TE156,,,,848,,,848,,
919,John Jiles,NE,14,WR328,,,,849,,,849,,
920,Mason Pline,NO,11,TE157,,,,850,,,850,,
921,Michael Wiley,KC,10,RB205,,,,852,,,852,,
922,British Brooks,HOU,6,RB206,,,,853,,,853,,
923,Shawn Bowman,JAC,8,TE158,,,,854,,,854,,
924,Neal Johnson,NYJ,9,TE159,,,,855,,,855,,
925,Drake Stoops,LAR,8,WR329,,,,856,,,856,,
926,Hayden Rucci,MIA,12,TE160,,,,857,,,857,,
927,Jaelen Gill,,,WR330,,,,858,,,858,,
928,Kevin Foelsch,,,TE161,,,,859,,,859,,
929,Geor'Quarius Spivey,KC,10,TE162,,,,860,,,860,,
930,Joshua Simon,ATL,5,TE163,,,,863,,,863,,
931,Xavier Guillory,BAL,7,WR331,,,,864,,,864,,
932,Lucas Scott,BAL,7,RB207,,,,866,,,866,,
933,Keleki Latu,BUF,7,TE164,,,,867,,,867,,
934,Kayron Lynch-Adams,CAR,14,RB208,,,,868,,,868,,
935,Bryce Pierre,CAR,14,TE165,,,,869,,,869,,
936,Jahdae Walker,CHI,5,WR332,,,,870,,,870,,
937,Quali Conley,CIN,10,RB209,,,,871,,,871,,
938,Jamoi Mayes,CIN,10,WR333,,,,872,,,872,,
939,Jordan Moore,CIN,10,WR334,,,,873,,,873,,
940,Rashod Owens,CIN,10,WR335,,,,874,,,874,,
941,Payton Thorne,CIN,10,QB130,,,,876,,,876,,
942,Luke Floriea,,,WR336,,,,877,,,877,,
943,Gage Larvadain,CLE,9,WR337,,,,878,,,878,,
944,Ja'seem Reed,CAR,14,WR338,,,,879,,,879,,
945,Josh Kelly,DAL,10,WR339,,,,880,,,880,,
946,Tyler Neville,DAL,10,TE166,,,,881,,,881,,
947,Joaquin Davis,DEN,12,WR340,,,,882,,,882,,
948,Jerjuan Newton,DEN,12,WR341,,,,883,,,883,,
949,Kyrese Rowan,DEN,12,WR342,,,,884,,,884,,
950,Zach Horton,DET,8,TE167,,,,886,,,886,,
951,Jakobie Keeney-James,DET,8,WR343,,,,887,,,887,,
952,Jackson Meeks,DET,8,WR344,,,,888,,,888,,
953,Anthony Tyus III,SEA,8,RB210,,,,889,,,889,,
954,Taylor Elgersma,GB,5,QB131,,,,890,,,890,,
955,Amar Johnson,GB,5,RB211,,,,891,,,891,,
956,Micah Bernard,,,RB212,,,,892,,,892,,
957,TJ Sheffield,TEN,10,WR345,,,,895,,,895,,
958,Ulysses Bentley IV,IND,11,RB213,,,,896,,,896,,
959,Coleman Owen,IND,11,WR346,,,,897,,,897,,
960,Landon Parker,IND,11,WR347,,,,898,,,898,,
961,Blayne Taylor,IND,11,WR348,,,,899,,,899,,
962,Chandler Brayboy,JAC,8,WR349,,,,900,,,900,,
