"Player","Team","POS","ATT","YDS","TDS","REC","YDS","TDS","FL","FPTS"
" "," ","","",""
"Ja'Marr Chase","CIN","WR1","1.6","12.7","0.0","120.7","1,586.1","12.2","0.6","352.9"
"Bijan Robinson","ATL","RB1","304.1","1,418.7","11.4","57.7","438.5","2.2","1.4","322.2"
"Jahmyr Gibbs","DET","RB2","240.0","1,240.0","11.7","57.7","507.2","2.8","1.3","316.5"
"Saquon Barkley","PHI","RB3","327.8","1,667.3","10.8","41.9","317.9","2.2","1.4","315.6"
"Justin Jefferson","MIN","WR2","0.5","2.2","0.0","105.2","1,459.4","9.6","0.6","307.7"
"CeeDee Lamb","DAL","WR3","9.2","59.3","0.3","110.9","1,385.9","8.0","1.0","303.1"
"Christian McCaffrey","SF","RB4","240.4","1,092.3","8.0","64.2","557.9","3.5","1.8","294.2"
"Puka Nacua","LAR","WR4","10.7","61.2","0.6","104.9","1,362.6","6.9","0.6","291.1"
"Malik Nabers","NYG","WR5","2.6","12.2","0.0","107.0","1,343.3","8.2","0.6","290.8"
"Amon-Ra St. Brown","DET","WR6","1.9","12.6","0.1","110.3","1,263.3","8.8","0.9","289.3"
"De'Von Achane","MIA","RB5","214.4","1,000.8","7.4","68.3","503.2","3.9","1.3","283.6"
"Nico Collins","HOU","WR7","0.0","1.6","0.0","91.9","1,312.1","8.9","0.5","275.5"
"Brian Thomas Jr.","JAC","WR8","3.8","24.9","0.0","91.9","1,298.2","8.6","0.6","274.7"
"Derrick Henry","BAL","RB6","302.0","1,534.8","13.5","16.4","152.5","0.9","1.4","268.7"
"Drake London","ATL","WR9","0.3","2.0","0.0","95.9","1,232.9","8.2","0.6","267.5"
"Josh Jacobs","GB","RB7","290.6","1,232.5","11.5","38.1","316.0","1.5","1.5","267.3"
"Ashton Jeanty","LV","RB8","272.8","1,219.6","9.0","45.9","362.4","1.9","2.4","264.3"
"Tyreek Hill","MIA","WR10","7.2","40.7","0.1","94.2","1,182.6","7.7","0.6","262.5"
"Jonathan Taylor","IND","RB9","310.4","1,412.1","10.6","28.6","205.1","1.3","1.6","258.7"
"A.J. Brown","PHI","WR11","0.0","0.0","0.0","84.9","1,243.6","8.4","0.9","257.6"
"Chase Brown","CIN","RB10","242.9","1,011.0","8.1","54.6","382.9","2.7","1.4","256.0"
"Brock Bowers","LV","TE1","0.0","8.0","0.0","106.1","1,129.1","6.1","0.5","255.4"
"Ladd McConkey","LAC","WR12","0.0","1.4","0.0","90.5","1,209.5","7.4","0.7","254.4"
"Kyren Williams","LAR","RB11","284.5","1,223.5","11.5","33.7","213.5","1.7","2.3","251.5"
"Bucky Irving","TB","RB12","241.6","1,137.3","8.5","44.5","343.8","1.7","1.4","250.7"
"Tee Higgins","CIN","WR13","0.0","0.0","0.0","86.6","1,099.7","8.9","0.9","248.3"
"Mike Evans","TB","WR14","0.0","0.0","0.0","79.7","1,071.6","9.9","0.5","245.6"
"Jaxon Smith-Njigba","SEA","WR15","2.7","20.7","0.0","93.7","1,102.7","6.6","0.6","244.5"
"Davante Adams","LAR","WR16","0.3","0.0","0.0","85.2","1,100.3","8.3","0.5","244.3"
"Trey McBride","ARI","TE2","0.0","1.5","0.0","104.4","1,053.5","5.8","0.5","244.0"
"Alvin Kamara","NO","RB13","222.5","923.9","5.3","62.2","469.1","2.0","1.3","242.2"
"Terry McLaurin","WAS","WR17","1.1","4.8","0.0","81.4","1,085.0","7.8","0.9","235.6"
"Garrett Wilson","NYJ","WR18","1.9","13.5","0.0","90.5","1,083.4","6.0","1.3","233.5"
"James Cook","BUF","RB14","232.1","1,087.7","9.7","31.4","259.0","1.9","1.4","232.9"
"DK Metcalf","PIT","WR19","0.0","1.2","0.0","77.8","1,137.9","7.3","1.3","232.7"
"Marvin Harrison Jr.","ARI","WR20","0.0","3.2","0.0","78.9","1,090.4","7.6","1.0","232.0"
"DJ Moore","CHI","WR21","9.5","53.8","0.1","87.1","1,013.8","6.3","0.9","230.8"
"Breece Hall","NYJ","RB15","221.3","988.6","5.8","46.4","380.0","2.1","1.9","227.0"
"James Conner","ARI","RB16","218.1","986.0","8.1","40.8","313.0","1.7","1.4","226.1"
"George Kittle","SF","TE3","0.0","0.0","0.0","76.1","1,030.5","7.5","0.5","222.9"
"Zay Flowers","BAL","WR22","8.2","48.4","0.1","75.9","1,034.4","6.3","0.5","221.7"
"Kenneth Walker III","SEA","RB17","232.4","959.9","8.1","42.0","298.1","1.2","1.3","221.4"
"Courtland Sutton","DEN","WR23","0.0","0.2","0.0","76.7","1,017.7","7.4","0.9","221.1"
"Xavier Worthy","KC","WR24","15.4","84.4","1.5","72.0","894.8","7.2","0.5","221.1"
"Chuba Hubbard","CAR","RB18","246.3","1,087.6","8.0","37.9","230.7","1.0","1.8","220.1"
"DeVonta Smith","PHI","WR25","0.3","1.2","0.0","81.2","976.9","6.8","0.5","218.8"
"Omarion Hampton","LAC","RB19","225.0","977.7","8.5","35.7","276.8","1.5","2.1","216.9"
"Jerry Jeudy","CLE","WR26","0.3","4.8","0.0","81.3","1,096.8","4.1","0.6","215.2"
"Calvin Ridley","TEN","WR27","5.6","33.4","0.3","70.1","1,025.1","6.0","0.9","211.8"
"Jakobi Meyers","LV","WR28","1.2","8.9","0.0","82.3","964.4","5.3","0.5","210.5"
"George Pickens","DAL","WR29","1.0","6.2","0.0","69.2","1,012.6","6.4","0.9","207.9"
"Jameson Williams","DET","WR30","7.4","63.4","0.8","60.8","963.8","6.1","0.5","204.0"
"D'Andre Swift","CHI","RB20","237.0","961.5","6.1","36.8","284.2","1.2","1.1","203.3"
"Tetairoa McMillan","CAR","WR31","0.5","7.4","0.0","73.7","962.1","5.8","1.2","203.0"
"Aaron Jones Sr.","MIN","RB21","198.2","886.8","4.4","44.8","328.8","2.3","1.8","202.6"
"Jaylen Waddle","MIA","WR32","2.5","16.1","0.1","75.5","965.3","4.9","0.5","202.1"
"Tony Pollard","TEN","RB22","233.3","979.8","5.5","40.0","257.5","0.9","1.0","200.0"
"David Montgomery","DET","RB23","199.1","836.9","9.0","31.4","257.8","0.9","1.0","198.1"
"Deebo Samuel Sr.","WAS","WR33","29.2","124.2","1.2","65.2","831.7","5.1","1.0","196.8"
"Chris Olave","NO","WR34","0.3","2.8","0.0","76.5","944.6","4.4","1.3","194.9"
"Stefon Diggs","NE","WR35","1.3","6.9","0.2","77.5","852.1","5.2","0.5","194.6"
"TreVeyon Henderson","NE","RB24","210.6","925.2","5.9","33.7","262.9","1.5","1.7","193.8"
"Michael Pittman Jr.","IND","WR36","0.3","2.0","0.0","78.4","887.8","4.2","0.9","190.9"
"Travis Hunter","JAC","WR37","3.8","21.7","0.1","68.3","890.2","5.2","0.8","189.8"
"Matthew Golden","GB","WR38","0.5","9.4","0.0","64.1","891.5","6.0","0.8","188.5"
"Rashee Rice","KC","WR39","1.1","4.5","0.0","70.9","831.8","5.8","0.6","188.3"
"Travis Kelce","KC","TE4","0.0","0.5","0.0","81.0","773.5","5.2","0.9","188.1"
"Jauan Jennings","SF","WR40","2.4","10.8","0.1","67.4","887.7","5.2","0.6","187.7"
"Rome Odunze","CHI","WR41","1.3","8.0","0.0","65.9","885.9","5.4","0.9","185.7"
"Cooper Kupp","SEA","WR42","1.3","9.0","0.0","72.5","805.4","5.3","0.6","184.9"
"Sam LaPorta","DET","TE5","0.0","0.0","0.0","68.3","765.9","6.8","0.4","184.8"
"Khalil Shakir","BUF","WR43","0.3","3.0","0.0","71.9","814.0","4.9","0.6","181.9"
"Chris Godwin Jr.","TB","WR44","1.2","7.9","0.0","68.4","790.9","5.4","0.6","179.5"
"T.J. Hockenson","MIN","TE6","0.0","0.0","0.0","74.1","775.7","4.7","0.5","178.7"
"David Njoku","CLE","TE7","0.0","0.0","0.0","76.8","738.6","4.9","0.8","178.6"
"Isiah Pacheco","KC","RB25","203.0","835.8","5.7","33.3","228.1","1.1","1.0","178.3"
"RJ Harvey","DEN","RB26","182.5","791.8","5.4","33.6","257.2","1.6","1.3","178.1"
"Ricky Pearsall","SF","WR45","7.0","53.4","0.3","59.9","808.2","5.1","0.6","177.7"
"Jaylen Warren","PIT","RB27","149.6","682.5","3.6","47.5","347.2","1.1","1.1","176.5"
"Jordan Addison","MIN","WR46","0.9","8.9","0.2","60.6","785.5","6.0","0.4","176.4"
"Tyrone Tracy Jr.","NYG","RB28","189.4","807.1","5.0","35.5","260.9","1.1","1.6","175.3"
"Rashid Shaheed","NO","WR47","7.7","47.2","0.1","57.6","858.4","4.8","1.3","175.2"
"Mark Andrews","BAL","TE8","0.0","2.0","0.0","58.8","701.8","7.7","0.8","173.5"
"Jayden Reed","GB","WR48","11.8","93.5","0.7","55.3","741.2","5.3","0.9","173.3"
"Josh Downs","IND","WR49","0.3","5.8","0.0","69.2","770.1","4.5","0.5","172.9"
"Emeka Egbuka","TB","WR50","1.6","11.5","0.0","61.6","780.8","5.5","1.1","171.9"
"Keon Coleman","BUF","WR51","0.3","3.8","0.0","52.4","824.6","6.1","0.5","170.9"
"Joe Mixon","HOU","RB29","178.2","716.2","6.4","30.4","233.2","1.3","0.9","170.0"
"Austin Ekeler","WAS","RB30","107.5","483.3","4.6","47.2","387.0","1.8","1.4","169.9"
"Darnell Mooney","ATL","WR52","0.0","1.5","0.0","58.6","830.9","4.5","0.4","168.0"
"Kaleb Johnson","PIT","RB31","196.7","828.7","6.4","23.2","178.0","1.0","1.7","165.0"
"Marvin Mims Jr.","DEN","WR53","11.9","49.4","0.1","52.9","699.2","5.4","0.6","159.7"
"Tyler Warren","IND","TE9","0.0","10.5","0.0","63.2","681.8","4.7","1.1","158.5"
"Evan Engram","DEN","TE10","0.0","0.0","0.0","69.9","625.3","4.2","0.9","155.6"
"Travis Etienne Jr.","JAC","RB32","147.5","597.0","3.9","38.4","284.9","1.2","0.9","154.8"
"Adam Thielen","CAR","WR54","0.0","1.8","0.0","61.5","656.2","4.4","0.5","152.4"
"Wan'Dale Robinson","NYG","WR55","2.0","15.6","0.0","69.4","625.0","3.1","0.5","151.3"
"Jake Ferguson","DAL","TE11","0.0","0.0","0.0","67.9","623.0","3.8","1.2","150.6"
"Marquise Brown","KC","WR56","0.3","2.0","0.0","55.2","681.1","4.5","0.2","150.1"
"Cedric Tillman","CLE","WR57","0.7","0.8","0.0","56.1","703.7","4.0","0.9","148.4"
"Tucker Kraft","GB","TE12","0.0","0.0","0.0","55.2","652.7","4.8","0.8","147.7"
"Keenan Allen","LAC","WR58","0.3","2.0","0.0","55.6","640.5","4.8","0.6","147.4"
"Rashod Bateman","BAL","WR59","0.0","0.6","0.0","45.6","686.4","5.6","0.1","147.4"
"Zach Charbonnet","SEA","RB33","135.6","567.4","4.7","33.7","247.9","0.9","0.8","147.2"
"Jacory Croskey-Merritt","WAS","RB34","162.5","682.8","5.9","21.1","168.1","1.2","0.9","147.1"
"J.K. Dobbins","DEN","RB35","145.9","648.7","4.7","29.1","187.3","1.2","1.2","145.9"
"Javonte Williams","DAL","RB36","167.8","623.0","4.2","32.8","208.2","0.9","0.6","145.3"
"Quinshon Judkins","CLE","RB37","176.1","728.1","4.9","21.9","166.3","0.9","1.3","143.8"
"Dallas Goedert","PHI","TE13","0.0","0.0","0.0","57.1","632.8","3.9","0.5","142.9"
"Zach Ertz","WAS","TE14","0.0","0.0","0.0","58.0","538.1","5.1","0.1","142.0"
"Rhamondre Stevenson","NE","RB38","154.2","630.2","4.9","27.9","177.5","1.1","1.5","141.7"
"Xavier Legette","CAR","WR60","6.2","28.9","0.1","54.5","617.0","3.8","0.5","141.4"
"Dalton Kincaid","BUF","TE15","0.0","0.0","0.0","57.1","604.2","4.0","0.5","140.8"
"Jayden Higgins","HOU","WR61","0.7","4.0","0.0","50.6","672.1","3.8","0.4","140.3"
"Kyle Pitts Sr.","ATL","TE16","0.0","0.0","0.0","50.9","641.8","4.2","0.1","140.1"
"Christian Kirk","HOU","WR62","0.7","4.0","0.0","52.1","672.2","3.6","0.8","139.8"
"DeMario Douglas","NE","WR63","2.1","15.9","0.0","56.5","597.7","3.2","0.2","136.6"
"Jordan Mason","MIN","RB39","163.6","753.5","4.6","16.9","123.5","0.7","0.7","134.8"
"Hunter Henry","NE","TE17","0.0","0.0","0.0","54.9","574.3","3.9","0.4","134.7"
"Rachaad White","TB","RB40","107.3","439.5","2.7","36.4","275.6","2.1","1.3","134.2"
"Tyjae Spears","TEN","RB41","117.2","473.7","3.5","33.4","250.4","1.0","0.9","131.2"
"Colston Loveland","CHI","TE18","0.0","0.0","0.0","53.6","562.6","3.8","0.8","131.0"
"Brenton Strange","JAC","TE19","0.0","0.0","0.0","55.2","550.4","3.3","0.5","129.0"
"Cade Otton","TB","TE20","0.0","0.0","0.0","52.0","530.1","4.0","0.5","128.2"
"Tyler Lockett","TEN","WR64","0.0","0.0","0.0","49.6","577.4","3.5","0.1","127.9"
"Romeo Doubs","GB","WR65","0.0","0.5","0.0","45.2","575.1","4.3","0.5","127.4"
"Jerome Ford","CLE","RB42","126.1","527.8","3.0","29.2","200.5","1.0","0.8","124.2"
"Luther Burden III","CHI","WR66","3.6","27.2","0.4","46.0","558.6","3.3","1.1","124.1"
"Jonnu Smith","PIT","TE21","0.0","1.5","0.0","50.4","522.8","3.8","0.9","123.7"
"Darren Waller","MIA","TE22","0.0","0.0","0.0","49.5","545.7","3.2","0.1","122.9"
"Joshua Palmer","BUF","WR67","0.0","0.5","0.0","42.0","589.0","3.5","0.1","122.0"
"Chig Okonkwo","TEN","TE23","0.0","3.0","0.0","52.8","527.9","2.9","0.8","121.6"
"Mike Gesicki","CIN","TE24","0.0","0.0","0.0","51.0","502.7","3.4","0.4","120.9"
"Brandon Aiyuk","SF","WR68","1.1","4.8","0.0","40.0","611.9","3.2","0.5","120.3"
"Michael Wilson","ARI","WR69","1.9","8.9","0.1","43.8","525.2","3.9","0.5","120.2"
"Cam Skattebo","NYG","RB43","120.4","526.7","3.4","24.2","185.8","0.9","1.2","118.9"
"Dalton Schultz","HOU","TE25","0.0","0.0","0.0","49.7","509.4","3.1","0.4","118.6"
"Najee Harris","LAC","RB44","129.9","531.6","4.4","20.8","150.3","0.8","0.8","118.4"
"Isaiah Likely","BAL","TE26","0.0","0.0","0.0","41.4","491.4","4.8","0.7","118.1"
"Pat Freiermuth","PIT","TE27","0.0","0.0","0.0","49.9","480.5","3.3","0.9","116.1"
"Tank Bigsby","JAC","RB45","160.7","654.4","5.2","12.0","87.0","0.2","1.2","116.1"
"Juwan Johnson","NO","TE28","0.0","0.0","0.0","47.5","486.5","3.2","0.2","114.9"
"Tre' Harris","LAC","WR70","0.7","3.8","0.0","40.8","544.3","3.4","0.7","114.7"
"Calvin Austin III","PIT","WR71","2.3","11.8","0.1","39.6","529.0","3.4","0.5","113.3"
"Ray-Ray McCloud III","ATL","WR72","7.5","52.8","0.2","44.4","486.5","2.6","1.2","112.3"
"Mason Taylor","NYJ","TE29","0.0","0.0","0.0","48.1","485.0","2.7","0.8","111.4"
"Tyler Higbee","LAR","TE30","0.0","0.0","0.0","45.3","424.8","3.7","0.1","109.7"
"Jack Bech","LV","WR73","1.0","4.3","0.0","41.7","518.5","2.8","0.7","109.3"
"Dylan Sampson","CLE","RB46","120.8","480.2","2.4","22.8","178.3","0.9","0.8","107.1"
"Theo Johnson","NYG","TE31","0.0","0.0","0.0","43.1","472.1","2.7","0.1","106.3"
"Dyami Brown","JAC","WR74","0.7","6.8","0.0","39.2","504.4","2.8","0.5","106.3"
"Alec Pierce","IND","WR75","0.0","0.0","0.0","31.3","539.3","3.5","0.1","105.8"
"Quentin Johnston","LAC","WR76","1.7","7.2","0.0","34.9","458.0","4.1","0.4","105.6"
"Darius Slayton","NYG","WR77","1.4","6.4","0.0","35.6","534.0","2.5","0.2","104.5"
"Jaydon Blue","DAL","RB47","108.6","475.2","2.9","20.4","158.5","0.8","0.8","104.4"
"Tutu Atwell","LAR","WR78","4.3","20.2","0.1","39.1","497.2","2.2","0.1","104.3"
"Trey Benson","ARI","RB48","127.3","567.7","3.7","13.7","105.2","0.4","0.9","104.2"
"Josh Reynolds","NYJ","WR79","0.0","0.0","0.0","36.5","479.3","3.0","0.1","102.0"
"Nick Chubb","HOU","RB49","127.9","522.4","4.6","10.6","80.0","0.4","0.5","99.8"
"Jaylen Wright","MIA","RB50","132.3","541.4","3.4","14.1","98.2","0.6","1.5","98.9"
"Elijah Arroyo","SEA","TE32","0.0","0.0","0.0","40.0","423.5","2.8","0.4","98.5"
"Kyle Williams","NE","WR80","2.1","13.3","0.0","35.5","454.4","2.7","0.4","97.6"
"Tyler Allgeier","ATL","RB51","119.8","549.3","3.3","12.6","92.5","0.3","0.8","96.9"
"DeAndre Hopkins","BAL","WR81","0.0","0.5","0.0","32.0","412.7","3.9","0.1","96.6"
"Nick Westbrook-Ikhine","MIA","WR82","0.0","1.3","0.0","31.4","427.4","3.7","0.1","96.1"
"Jalen Tolbert","DAL","WR83","0.0","0.0","0.0","34.6","404.1","3.5","0.1","96.0"
"Ray Davis","BUF","RB52","109.2","467.3","3.5","12.4","105.6","1.0","0.8","95.1"
"Rico Dowdle","CAR","RB53","85.2","390.2","2.2","22.2","151.7","1.1","0.8","94.4"
"Braelon Allen","NYJ","RB54","111.5","425.2","3.0","16.4","122.0","0.8","0.4","92.9"
"Brandin Cooks","NO","WR84","1.7","3.8","0.0","35.4","402.9","2.7","0.1","92.2"
"Will Dissly","LAC","TE33","0.0","0.0","0.0","38.6","378.0","2.5","0.1","91.6"
"Andrei Iosivas","CIN","WR85","0.0","0.0","0.0","31.4","380.5","3.7","0.1","91.2"
"Diontae Johnson","CLE","WR86","0.0","2.3","0.0","34.9","429.1","2.2","0.6","90.3"
"Noah Fant","CIN","TE34","0.0","0.0","0.0","37.2","380.9","2.4","0.1","89.9"
"Jordan Whittington","LAR","WR87","1.1","13.9","0.0","34.1","397.7","2.4","0.1","89.8"
"Ja'Tavion Sanders","CAR","TE35","0.0","0.0","0.0","38.5","389.3","2.1","0.1","89.6"
"Tre Tucker","LV","WR88","5.6","31.5","0.3","30.9","397.0","2.2","0.1","89.0"
"Bhayshul Tuten","JAC","RB55","89.2","389.2","2.5","17.3","136.9","0.8","0.8","88.4"
"Jalen Nailor","MIN","WR89","1.8","4.1","0.0","29.2","382.1","3.5","0.4","88.2"
"Kareem Hunt","KC","RB56","81.2","310.5","3.3","19.4","134.3","0.8","0.1","88.1"
"Tory Horton","SEA","WR90","1.0","8.7","0.0","33.4","424.9","2.1","0.7","87.6"
"Jalen Coker","CAR","WR91","0.0","2.3","0.0","31.8","416.6","2.0","0.1","85.6"
"Woody Marks","HOU","RB57","73.8","271.4","1.8","23.9","173.6","1.1","0.1","85.5"
"Roschon Johnson","CHI","RB58","86.2","316.9","4.5","14.7","98.5","0.4","0.1","85.4"
"Troy Franklin","DEN","WR92","1.1","6.1","0.0","29.9","372.7","2.8","0.1","84.5"
"Justice Hill","BAL","RB59","41.8","184.9","1.1","27.3","222.0","1.7","0.4","83.9"
"Noah Brown","WAS","WR93","0.0","0.0","0.0","31.8","406.9","1.9","0.1","83.6"
"MarShawn Lloyd","GB","RB60","105.6","381.3","2.9","13.5","108.4","0.7","0.8","82.7"
"Kayshon Boutte","NE","WR94","0.0","0.0","0.0","28.3","379.7","2.4","0.1","80.4"
"Dontayvion Wicks","GB","WR95","0.0","1.3","0.0","27.4","346.2","3.0","0.0","80.2"
"Tyler Conklin","LAC","TE36","0.0","0.0","0.0","33.7","325.8","2.3","0.0","79.9"
"Pat Bryant","DEN","WR96","0.0","0.0","0.0","29.1","351.4","2.6","0.1","79.6"
"Adonai Mitchell","IND","WR97","2.9","9.5","0.1","28.4","372.7","2.2","0.4","79.2"
"Marquez Valdes-Scantling","SEA","WR98","2.7","10.4","0.1","23.9","394.1","2.3","0.0","78.7"
"Dont'e Thornton Jr.","LV","WR99","0.0","2.0","0.0","28.0","369.3","2.1","0.1","77.8"
"AJ Barner","SEA","TE37","0.0","0.0","0.0","32.7","305.0","2.4","0.1","77.5"
"Raheem Mostert","LV","RB61","77.2","289.8","2.6","17.6","129.3","0.5","0.8","77.0"
"Miles Sanders","DAL","RB62","93.4","403.2","2.3","12.0","77.2","0.6","0.5","76.4"
"Elic Ayomanor","TEN","WR100","0.0","7.5","0.0","28.6","336.3","2.2","0.1","76.1"
"Noah Gray","KC","TE38","0.0","0.5","0.0","29.6","301.4","2.7","0.0","75.9"
"K.J. Osborn","WAS","WR101","0.0","0.0","0.0","28.4","313.5","2.5","0.0","74.6"
"Curtis Samuel","BUF","WR102","6.6","29.3","0.1","27.0","272.4","2.5","0.1","72.5"
"Cole Kmet","CHI","TE39","0.0","0.0","0.0","30.2","291.0","2.3","0.4","72.2"
"Christian Watson","GB","WR103","4.3","17.0","0.0","19.9","366.7","2.3","0.4","71.6"
"Greg Dortch","ARI","WR104","4.8","30.6","0.1","28.0","278.7","2.1","0.4","71.3"
"Kendre Miller","NO","RB63","91.4","353.5","3.1","9.7","72.3","0.2","0.4","71.1"
"Brian Robinson Jr.","SF","RB64","86.5","356.8","3.1","8.4","70.3","0.5","1.1","70.0"
"Allen Lazard","NYJ","WR105","0.0","0.0","0.0","24.6","318.8","2.2","0.1","69.7"
"Anthony Miller","BAL","WR106","0.0","0.0","0.0","25.4","277.9","2.6","0.0","68.6"
"Malik Washington","MIA","WR107","2.0","13.8","0.1","27.5","288.9","1.8","0.6","67.9"
"Austin Hooper","NE","TE40","0.0","0.0","0.0","28.7","286.6","1.8","0.4","67.4"
"Ty Johnson","BUF","RB65","44.9","205.3","0.9","15.2","165.4","1.4","0.1","66.4"
"Blake Corum","LAR","RB66","84.2","312.2","2.1","12.0","87.4","0.3","0.4","66.0"
"Van Jefferson","TEN","WR108","0.0","0.0","0.0","23.5","300.4","1.9","0.1","64.5"
"Roman Wilson","PIT","WR109","0.0","0.0","0.0","22.9","290.3","2.0","0.1","63.6"
"Keaton Mitchell","BAL","RB67","66.0","322.3","1.7","9.1","85.5","0.5","0.0","63.0"
"Devaughn Vele","NO","WR110","0.0","1.7","0.0","25.1","268.2","1.9","0.1","62.9"
"Michael Mayer","LV","TE41","0.0","0.0","0.0","27.3","253.0","1.6","0.1","61.9"
"Samaje Perine","CIN","RB68","41.2","165.5","1.3","17.5","152.9","0.9","0.4","61.7"
"Parker Washington","JAC","WR111","0.0","8.5","0.0","24.7","261.6","1.6","0.1","61.0"
"Harold Fannin Jr.","CLE","TE42","0.0","0.0","0.0","26.5","260.8","1.5","0.4","60.7"
"Ollie Gordon II","MIA","RB69","72.2","297.8","2.5","8.6","66.8","0.4","1.1","60.0"
"JuJu Smith-Schuster","KC","WR112","0.0","0.0","0.0","23.1","255.6","1.8","0.1","59.1"
"Jaylin Noel","HOU","WR113","0.0","13.0","0.0","21.1","249.2","1.9","0.0","58.7"
"Oronde Gadsden II","LAC","TE43","0.0","0.0","0.0","23.6","239.3","1.8","0.1","58.5"
"Foster Moreau","NO","TE44","0.0","0.0","0.0","22.3","251.2","1.8","0.1","58.3"
"Antonio Gibson","NE","RB70","51.4","210.1","1.0","15.7","127.7","0.5","0.0","58.3"
"Tim Patrick","DET","WR114","0.0","0.0","0.0","20.5","256.6","2.0","0.1","57.8"
"Robbie Ouzts","SEA","TE45","0.0","0.0","0.0","25.0","245.9","1.5","0.5","57.8"
"Kyle Monangai","CHI","RB71","52.1","283.3","2.5","8.1","56.9","0.2","0.1","57.6"
"Dawson Knox","BUF","TE46","0.0","0.0","0.0","21.9","238.7","1.9","0.0","57.2"
"Terrance Ferguson","LAR","TE47","0.0","0.0","0.0","23.0","235.2","1.9","0.4","57.0"
"Chris Rodriguez Jr.","WAS","RB72","68.7","312.8","2.9","4.4","33.5","0.1","0.4","55.9"
"Tai Felton","MIN","WR115","0.0","3.7","0.0","20.1","241.8","1.9","0.0","55.8"
"Tyler Johnson","NYJ","WR116","0.0","0.0","0.0","22.0","233.7","1.7","0.0","55.7"
"Isaac Guerendo","SF","RB73","55.8","270.3","2.2","8.0","71.8","0.1","0.4","55.1"
"Jalen McMillan","TB","WR117","1.4","11.0","0.0","18.1","227.2","2.3","0.4","55.0"
"Chimere Dike","TEN","WR118","2.1","8.9","0.0","18.9","245.9","1.6","0.1","54.0"
"Tahj Brooks","CIN","RB74","48.8","233.9","1.9","10.0","78.5","0.5","0.7","53.7"
"KaVontae Turpin","DAL","WR119","8.4","58.5","0.5","17.0","206.0","1.4","0.7","53.5"
"Jaleel McLaughlin","DEN","RB75","30.5","142.6","0.8","18.2","110.4","0.9","0.5","52.5"
"Kenneth Gainwell","PIT","RB76","58.5","210.6","1.4","12.5","88.5","0.4","0.4","52.3"
"Jarquez Hunter","LAR","RB77","57.1","244.7","1.9","8.5","68.7","0.4","0.7","52.3"
"Josh Oliver","MIN","TE48","0.0","0.0","0.0","19.4","203.0","1.6","0.1","49.4"
"Elijah Mitchell","KC","RB78","60.5","228.8","1.8","8.2","47.6","0.4","0.1","49.2"
"Trevor Etienne","CAR","RB79","47.8","191.3","1.5","10.7","86.5","0.4","0.4","49.0"
"Devin Singletary","NYG","RB80","52.1","236.2","1.5","9.4","63.5","0.1","0.4","48.6"
"Jermaine Burton","CIN","WR120","0.0","2.0","0.0","15.8","205.9","2.0","0.1","48.2"
"Luke McCaffrey","WAS","WR121","0.0","1.0","0.0","19.3","201.5","1.5","0.1","48.1"
"Demarcus Robinson","SF","WR122","0.0","0.8","0.0","13.9","217.8","1.9","0.0","47.3"
"Tommy Tremble","CAR","TE49","0.0","0.0","0.0","19.2","184.1","1.7","0.4","47.0"
"Ben Sinnott","WAS","TE50","0.0","0.0","0.0","18.8","186.0","1.5","0.1","46.5"
"Gunnar Helm","TEN","TE51","0.0","0.0","0.0","20.2","200.8","1.1","0.4","46.3"
"Luke Musgrave","GB","TE52","0.0","0.0","0.0","19.1","186.4","1.4","0.0","46.2"
"Will Shipley","PHI","RB81","37.4","199.5","1.3","8.3","61.8","0.4","0.1","44.6"
"Khalil Herbert","IND","RB82","60.4","215.4","1.6","7.7","43.8","0.2","0.0","44.2"
"Devin Neal","NO","RB83","38.8","203.8","1.3","7.3","54.2","0.4","0.1","43.2"
"Kendrick Bourne","NE","WR123","1.1","6.8","0.0","16.9","195.1","1.0","0.0","43.1"
"Zay Jones","ARI","WR124","0.0","2.0","0.0","16.8","179.9","1.3","0.1","42.5"
"Robert Woods","PIT","WR125","0.0","0.0","0.0","17.4","180.7","1.2","0.1","42.3"
"Zamir White","LV","RB84","56.2","190.4","1.1","8.7","61.4","0.3","0.0","42.2"
"Skyy Moore","SF","WR126","0.0","0.0","0.0","15.4","184.9","1.4","0.0","42.1"
"Brock Wright","DET","TE53","0.0","0.0","0.0","15.0","134.8","2.2","0.0","41.4"
"Sean Tucker","TB","RB85","44.8","231.3","1.4","5.2","40.2","0.3","0.7","41.3"
"A.T. Perry","DEN","WR127","0.0","0.0","0.0","13.7","180.5","1.5","0.0","40.6"
"Cade Stover","HOU","TE54","0.0","0.0","0.0","16.9","160.6","1.2","0.0","40.2"
"Jahan Dotson","PHI","WR128","0.0","1.7","0.0","14.6","176.4","1.3","0.0","40.1"
"Jeremy Ruckert","NYJ","TE55","0.0","0.0","0.0","17.7","153.3","1.2","0.0","40.0"
"Kalif Raymond","DET","WR129","0.0","4.0","0.0","14.7","184.3","1.2","0.6","39.4"
"Emanuel Wilson","GB","RB86","33.5","175.2","1.2","7.4","53.9","0.4","0.3","39.3"
"Elijah Moore","BUF","WR130","0.0","1.3","0.0","14.5","160.3","1.2","0.0","37.9"
"DJ Giddens","IND","RB87","23.6","163.2","1.3","7.6","56.4","0.1","0.0","37.9"
"Xavier Hutchinson","HOU","WR131","0.0","0.0","0.0","14.6","171.9","1.0","0.1","37.5"
"KhaDarel Hodge","ATL","WR132","0.0","0.0","0.0","13.5","176.6","1.0","0.1","37.1"
"A.J. Dillon","PHI","RB88","50.1","199.1","1.6","3.6","28.6","0.1","0.0","36.3"
"Jalen Royals","KC","WR133","0.0","2.5","0.0","12.9","156.2","1.2","0.0","35.7"
"Luke Schoonmaker","DAL","TE56","0.0","0.0","0.0","14.9","132.7","1.2","0.0","35.1"
"Charlie Woerner","ATL","TE57","0.0","0.0","0.0","14.6","139.0","1.1","0.0","34.9"
"Adam Trautman","DEN","TE58","0.0","0.0","0.0","12.6","136.8","1.4","0.0","34.4"
"Daniel Bellinger","NYG","TE59","0.0","0.0","0.0","14.9","139.7","0.8","0.0","33.8"
"Kyle Juszczyk","SF","RB89","5.4","22.5","0.3","13.1","125.0","0.7","0.4","33.7"
"Russell Gage Jr.","SF","WR134","0.0","0.0","0.0","13.0","145.0","1.0","0.0","33.5"
"Jalin Hyatt","NYG","WR135","0.0","0.0","0.0","12.1","160.6","0.8","0.0","33.2"
"Isaac TeSlaa","DET","WR136","0.0","0.0","0.0","10.7","155.2","1.1","0.0","33.0"
"Julian Hill","MIA","TE60","0.0","0.0","0.0","14.7","133.4","0.9","0.4","32.9"
"Grant Calcaterra","PHI","TE61","0.0","0.0","0.0","12.6","138.9","0.9","0.0","31.6"
"Josh Whyle","TEN","TE62","0.0","0.0","0.0","14.5","134.2","0.6","0.0","31.4"
"Audric Estime","DEN","RB90","45.5","149.1","0.9","5.8","40.1","0.2","0.4","30.9"
"Casey Washington","ATL","WR137","0.0","0.0","0.0","11.3","135.6","1.0","0.0","30.9"
"Malachi Corley","NYJ","WR138","2.3","13.5","0.1","11.7","125.1","0.8","0.1","30.5"
"Michael Gallup","WAS","WR139","0.0","0.0","0.0","11.4","129.1","1.0","0.0","30.4"
"Jake Briningstool","KC","TE63","0.0","0.0","0.0","12.0","121.0","1.0","0.0","30.1"
"Johnny Mundt","JAC","TE64","0.0","0.0","0.0","13.4","115.2","0.8","0.0","30.0"
"Jake Bobo","SEA","WR140","0.0","0.0","0.0","11.4","132.5","0.9","0.0","29.7"
"Isaiah Davis","NYJ","RB91","30.7","152.3","0.9","5.0","36.5","0.1","0.0","29.6"
"Jamari Thrash","CLE","WR141","0.0","0.0","0.0","12.3","144.7","0.5","0.2","29.5"
"Payne Durham","TB","TE65","0.0","0.0","0.0","11.1","109.3","1.2","0.0","29.4"
"Jaylin Lane","WAS","WR142","2.2","13.5","0.1","10.4","120.3","0.8","0.1","29.2"
"Jha'Quan Jackson","TEN","WR143","0.0","1.7","0.0","11.4","138.2","0.8","0.5","29.1"
"Arian Smith","NYJ","WR144","0.0","3.5","0.0","11.2","134.3","0.7","0.0","29.0"
"Darnell Washington","PIT","TE66","0.0","0.0","0.0","12.3","123.3","0.7","0.0","28.9"
"Elijah Higgins","ARI","TE67","0.0","0.0","0.0","11.4","110.3","1.1","0.0","28.8"
"Pierre Strong Jr.","CLE","RB92","28.3","89.6","0.4","8.9","67.8","0.2","0.1","28.4"
"Chris Brooks","GB","RB93","30.9","139.1","0.9","5.0","32.1","0.0","0.0","27.9"
"Jelani Woods","IND","TE68","0.0","0.0","0.0","8.0","137.0","1.0","0.0","27.7"
"Erik Ezukanma","MIA","WR145","0.0","0.0","0.0","10.8","120.7","0.8","0.0","27.6"
"Emari Demercado","ARI","RB94","18.7","106.3","0.4","8.1","54.1","0.1","0.0","27.2"
"Zavier Scott","MIN","WR146","32.0","153.0","1.0","3.0","29.0","0.0","0.0","27.2"
"Keleki Latu","BUF","TE69","0.0","0.0","0.0","10.0","111.0","1.0","0.0","27.1"
"Amar Johnson","GB","RB95","35.0","164.0","1.0","2.0","26.0","0.0","0.0","27.0"
"Brashard Smith","KC","RB96","9.9","78.9","0.5","7.6","56.4","0.5","0.0","26.9"
"Xavier Restrepo","TEN","WR147","0.0","2.0","0.0","10.0","105.0","1.0","0.0","26.7"
"Savion Williams","GB","WR148","4.4","16.4","0.1","9.1","104.8","0.8","0.0","26.5"
"Colby Parkinson","LAR","TE70","0.0","0.0","0.0","10.6","106.5","0.9","0.0","26.3"
"Clyde Edwards-Helaire","NO","RB97","36.6","113.0","0.6","5.7","42.7","0.3","0.1","25.9"
"Connor Heyward","PIT","TE71","0.0","0.0","0.0","10.2","87.7","1.2","0.0","25.9"
"DeAndre Carter","CLE","WR149","0.0","2.0","0.0","10.9","128.7","0.5","0.5","25.9"
"Kimani Vidal","LAC","RB98","35.4","105.5","0.6","5.4","41.2","0.3","0.0","25.5"
"Tyler Goodson","IND","RB99","30.0","109.7","0.7","4.7","31.3","0.3","0.0","24.8"
"Chris Blair","ATL","WR150","0.0","0.0","0.0","9.4","106.1","0.7","0.0","24.4"
"Olamide Zaccheaus","CHI","WR151","1.1","6.0","0.0","9.4","100.6","0.7","0.1","24.3"
"Sincere McCormick","LV","RB100","23.7","112.9","0.8","4.3","29.9","0.1","0.1","23.5"
"Mack Hollins","NE","WR152","0.0","1.7","0.0","8.2","102.1","0.8","0.0","23.3"
"Drew Sample","CIN","TE72","0.0","0.0","0.0","10.4","82.9","0.8","0.0","23.2"
"Trey Palmer","TB","WR153","0.0","0.0","0.0","8.6","94.3","0.8","0.0","22.8"
"Ty Chandler","MIN","RB101","18.9","96.3","0.7","5.0","34.7","0.1","0.0","22.7"
"Drew Ogletree","IND","TE73","0.0","0.0","0.0","7.6","97.0","0.8","0.0","22.2"
"Pharaoh Brown","MIA","TE74","0.0","0.0","0.0","10.0","93.3","0.5","0.0","22.2"
"Dameon Pierce","HOU","RB102","4.5","81.5","0.7","5.8","40.2","0.1","1.0","21.2"
"Tylan Wallace","BAL","WR154","0.0","1.7","0.0","6.7","87.8","0.9","0.0","20.9"
"Hunter Renfrow","CAR","WR155","0.0","0.0","0.0","9.3","91.4","0.4","0.0","20.8"
"Simi Fehoko","ARI","WR156","0.0","0.0","0.0","7.6","91.7","0.7","0.0","20.8"
"Jeremy McNichols","WAS","RB103","21.9","93.0","1.1","2.7","15.3","0.0","0.0","20.4"
"Michael Burton","DEN","RB104","6.7","14.6","0.6","7.1","45.6","0.6","0.0","20.2"
"Sterling Shepard","TB","WR157","0.8","7.0","0.0","7.7","80.4","0.5","0.0","19.6"
"Tim Jones","MIN","WR158","0.0","0.0","0.0","7.4","83.2","0.6","0.1","19.4"
"Craig Reynolds","DET","RB105","8.5","38.0","0.1","6.9","55.1","0.4","0.0","19.2"
"Cam Akers","NO","RB106","31.2","100.0","0.6","3.1","20.4","0.1","0.0","19.2"
"Nate Adkins","DEN","TE75","0.0","0.0","0.0","7.0","54.8","1.1","0.0","19.0"
"Kalel Mullings","TEN","RB107","10.4","96.5","0.6","3.0","21.8","0.0","0.0","18.8"
"Damien Martinez","SEA","RB108","8.8","97.5","0.6","3.0","21.9","0.0","0.0","18.7"
"Lucas Krull","DEN","TE76","0.0","0.0","0.0","8.3","79.8","0.4","0.0","18.6"
"Hunter Long","JAC","TE77","0.0","0.0","0.0","8.4","76.0","0.4","0.0","18.2"
"Quintin Morris","JAC","TE78","0.0","0.0","0.0","7.9","71.5","0.5","0.0","18.1"
"Gavin Bartholomew","MIN","TE79","0.0","0.0","0.0","7.0","75.0","0.6","0.0","18.0"
"Brevyn Spann-Ford","DAL","TE80","0.0","0.0","0.0","7.3","69.7","0.6","0.0","18.0"
"Michael Carter","ARI","RB109","9.6","41.2","0.2","6.6","45.0","0.3","0.0","17.9"
"Jamal Agnew","ATL","WR159","0.0","0.0","0.0","7.1","73.5","0.6","0.1","17.9"
"Cedrick Wilson Jr.","NO","WR160","0.0","2.0","0.0","6.9","77.2","0.5","0.0","17.8"
"Alec Ingold","MIA","RB110","8.9","21.5","0.6","6.1","44.1","0.4","0.4","17.8"
"Giovanni Ricci","MIN","TE81","0.0","0.0","0.0","8.0","95.5","0.0","0.0","17.6"
"Teagan Quitoriano","ATL","TE82","0.0","0.0","0.0","5.5","89.0","0.5","0.0","17.4"
"KeAndre Lambert-Smith","LAC","WR161","0.0","3.0","0.0","5.9","77.7","0.6","0.0","17.3"
"Lawrence Cager","WAS","WR162","0.0","0.0","0.0","5.5","57.0","1.0","0.0","17.2"
"Bo Melton","GB","WR163","0.0","0.0","0.0","6.2","73.8","0.6","0.0","16.9"
"Tanner McLachlan","CIN","TE83","0.0","0.0","0.0","7.0","68.5","0.5","0.0","16.9"
"Ben Skowronek","PIT","WR164","0.0","0.0","0.0","6.5","72.2","0.5","0.0","16.8"
"Tanner Conner","MIA","TE84","0.0","0.0","0.0","7.5","58.3","0.6","0.0","16.8"
"C.J. Ham","MIN","RB111","3.0","13.6","1.0","5.3","34.8","0.1","0.0","16.6"
"Irvin Charles","NYJ","WR165","0.0","0.0","0.0","6.5","70.0","0.5","0.0","16.3"
"Devin Culp","TB","TE85","0.0","0.0","0.0","6.1","65.7","0.6","0.0","16.1"
"Maurice Alexander","CHI","WR166","0.0","0.0","0.0","6.4","70.4","0.4","0.0","15.9"
"Brenden Bates","CLE","TE86","0.0","0.0","0.0","6.5","61.6","0.5","0.0","15.9"
"Samori Toure","CHI","WR167","0.0","0.0","0.0","6.3","69.8","0.4","0.0","15.7"
"Charlie Kolar","BAL","TE87","0.0","1.0","0.0","5.7","71.7","0.4","0.0","15.6"
"Devontez Walker","BAL","WR168","0.0","1.7","0.0","4.9","67.4","0.6","0.0","15.6"
"Taysom Hill","NO","TE88","0.0","50.0","1.0","2.3","22.3","0.0","0.0","15.6"
"Travis Homer","CHI","RB112","21.6","69.8","0.3","3.4","25.7","0.1","0.0","15.5"
"Eric Saubert","SEA","TE89","0.0","0.0","0.0","6.8","59.8","0.5","0.0","15.5"
"John Bates","WAS","TE90","0.0","0.0","0.0","5.9","55.0","0.6","0.0","15.2"
"Tip Reiman","ARI","TE91","0.0","0.0","0.0","6.6","60.3","0.4","0.0","15.1"
"Kenny Yeboah","DET","TE92","0.0","0.0","0.0","6.0","60.5","0.5","0.0","15.0"
"John Metchie III","PHI","WR169","0.0","0.0","0.0","6.3","69.0","0.3","0.0","15.0"
"David Moore","CAR","WR170","0.0","0.0","0.0","5.9","73.4","0.3","0.0","14.9"
"Ian Thomas","LV","TE93","0.0","0.0","0.0","6.6","58.6","0.4","0.0","14.9"
"Mitchell Evans","CAR","TE94","0.0","0.0","0.0","6.3","59.4","0.4","0.0","14.5"
"Malik Heath","GB","WR171","0.0","0.0","0.0","5.5","62.2","0.5","0.0","14.4"
"Cam Grandy","CIN","TE95","0.0","0.0","0.0","6.2","54.3","0.4","0.0","14.3"
"Carson Steele","KC","RB113","26.9","69.9","0.3","4.1","22.0","0.1","0.7","14.3"
"Luke Farrell","SF","TE96","0.0","0.0","0.0","6.1","58.9","0.4","0.0","14.3"
"Xavier Weaver","ARI","WR172","0.0","0.0","0.0","5.2","61.4","0.5","0.0","14.2"
"Travis Vokolek","ARI","TE97","0.0","0.0","0.0","5.5","55.5","0.5","0.0","14.1"
"Stone Smartt","NYJ","TE98","0.0","0.0","0.0","5.5","66.7","0.4","0.3","13.7"
"Thomas Fidone II","NYG","TE99","0.0","0.0","0.0","5.5","51.5","0.5","0.0","13.7"
"Caleb Lohner","DEN","TE100","0.0","0.0","0.0","5.5","51.0","0.5","0.0","13.6"
"Raheem Blackshear","CAR","RB114","23.0","66.0","0.4","2.9","21.0","0.1","0.5","13.3"
"Jackson Hawes","BUF","TE101","0.0","0.0","0.0","5.3","56.8","0.4","0.0","13.2"
"Dare Ogunbowale","HOU","RB115","6.5","28.7","0.1","4.9","37.7","0.2","0.0","13.2"
"Ben Sims","GB","TE102","0.0","0.0","0.0","5.0","50.5","0.5","0.0","13.1"
"Jared Wiley","KC","TE103","0.0","0.0","0.0","5.4","53.1","0.4","0.0","13.0"
"Brayden Willis","SF","TE104","0.0","0.0","0.0","4.5","54.5","0.5","0.0","13.0"
"Jordan Mims","TEN","RB116","15.8","66.5","0.3","2.2","15.4","0.1","0.0","12.7"
"Julius Chestnut","TEN","RB117","10.4","31.9","0.1","4.5","32.5","0.2","0.0","12.7"
"Tommy Mellott","LV","QB1","4.0","24.1","0.2","3.7","43.6","0.2","0.0","12.6"
"Ronnie Rivers","LAR","RB118","31.7","90.3","0.5","0.3","2.3","0.0","0.0","12.5"
"Greg Dulcich","NYG","TE105","0.0","0.0","0.0","5.0","52.9","0.3","0.0","12.3"
"David Bell","CLE","WR173","0.0","0.0","0.0","6.0","60.0","0.0","0.0","12.0"
"Chris Manhertz","NYG","TE106","0.0","0.0","0.0","4.9","44.0","0.4","0.0","11.6"
"Robert Tonyan","KC","TE107","0.0","0.0","0.0","4.7","43.0","0.3","0.0","11.0"
"Patrick Ricard","BAL","RB119","4.1","11.5","0.1","3.4","27.6","0.5","0.0","10.8"
"Jordan James","SF","RB120","18.2","63.0","0.4","1.0","12.0","0.0","0.0","10.8"
"Dante Pettis","NO","WR174","2.1","9.7","0.0","4.0","46.4","0.2","0.0","10.8"
"Jeff Wilson Jr.","SF","RB121","13.0","42.1","0.2","2.4","18.6","0.1","0.0","10.6"
"Israel Abanikanda","GB","RB122","13.3","54.8","0.4","1.3","10.5","0.1","0.0","10.5"
"Derius Davis","LAC","WR175","10.5","35.4","0.2","2.8","31.2","0.1","0.6","10.4"
"Tez Johnson","TB","WR176","0.0","0.0","0.0","4.0","49.3","0.2","0.0","10.3"
"Hassan Haskins","LAC","RB123","16.5","37.3","0.3","1.7","15.3","0.3","0.3","10.3"
"Kendric Pryor","CIN","WR177","0.0","0.0","0.0","3.9","42.8","0.3","0.0","10.2"
"Deuce Vaughn","DAL","RB124","8.9","35.0","0.1","3.2","21.5","0.1","0.0","10.1"
"Jonathan Mingo","DAL","WR178","0.0","0.0","0.0","3.9","48.6","0.2","0.0","9.8"
"Tyquan Thornton","KC","WR179","0.0","0.0","0.0","3.4","45.9","0.3","0.0","9.8"
"Frank Gore Jr.","BUF","RB125","10.2","42.8","0.2","2.0","15.0","0.1","0.0","9.7"
"Mecole Hardman Jr.","GB","WR180","0.0","3.0","0.0","4.5","50.3","0.3","1.0","9.7"
"Trishton Jackson","ARI","WR181","0.0","0.0","0.0","3.4","40.7","0.3","0.0","9.5"
"Gary Brightwell","CIN","RB126","8.0","33.7","0.2","2.4","17.1","0.1","0.0","9.3"
"Davis Allen","LAR","TE108","0.0","0.0","0.0","4.1","38.4","0.2","0.0","9.1"
"Xavier Gipson","NYJ","WR182","0.0","2.5","0.0","4.2","54.3","0.0","0.5","9.1"
"Justin Watson","HOU","WR183","0.0","0.0","0.0","3.4","45.1","0.2","0.0","9.1"
"Irv Smith Jr.","HOU","TE109","0.0","0.0","0.0","4.0","33.8","0.3","0.0","9.0"
"LeQuint Allen Jr.","JAC","RB127","4.0","29.4","0.6","1.5","11.0","0.0","0.0","8.8"
"Jalen Brooks","DAL","WR184","0.0","0.0","0.0","3.4","39.4","0.2","0.0","8.8"
"Charlie Jones","CIN","WR185","0.0","1.7","0.0","3.4","39.6","0.2","0.0","8.8"
"Hunter Luepke","DAL","RB128","4.2","14.5","0.1","3.9","26.7","0.1","0.0","8.7"
"Jordan Watkins","SF","WR186","4.4","15.8","0.1","2.6","32.7","0.1","0.0","8.6"
"Bryce Oliver","TEN","WR187","0.0","0.0","0.0","3.4","38.2","0.2","0.0","8.5"
"Mo Alie-Cox","IND","TE110","0.0","0.0","0.0","3.4","37.2","0.2","0.0","8.5"
"Isaiah Bond","CLE","WR188","0.0","0.0","0.0","3.6","39.8","0.2","0.0","8.5"
"Lil'Jordan Humphrey","NYG","WR189","0.0","0.0","0.0","4.0","44.0","0.0","0.0","8.4"
"Austin Trammell","JAC","WR190","0.0","0.0","0.0","3.4","40.1","0.2","0.0","8.3"
"Cody White","SEA","WR191","0.0","0.0","0.0","3.3","37.6","0.2","0.0","8.3"
"Dareke Young","SEA","WR192","0.0","0.0","0.0","3.3","37.7","0.2","0.0","8.3"
"Dominique Dafney","CAR","TE111","0.0","0.0","0.0","3.6","35.4","0.2","0.0","8.2"
"Miles Boykin","CHI","WR193","0.0","0.0","0.0","3.2","37.0","0.2","0.0","7.9"
"Eric Gray","NYG","RB129","11.9","42.7","0.2","1.9","14.4","0.1","0.5","7.9"
"Dee Eskridge","MIA","WR194","0.0","1.7","0.0","3.0","32.8","0.2","0.0","7.7"
"Durham Smythe","CHI","TE112","0.0","0.0","0.0","3.6","32.6","0.1","0.0","7.6"
"DeeJay Dallas","ARI","RB130","5.8","22.2","0.1","3.2","21.4","0.1","0.5","7.6"
"Devin Duvernay","CHI","WR195","0.0","2.0","0.0","3.6","35.2","0.2","0.5","7.5"
"Brycen Tremayne","CAR","WR196","0.0","0.0","0.0","3.0","33.8","0.2","0.0","7.4"
"Tucker Fisk","LAC","TE113","0.0","0.0","0.0","3.3","31.8","0.2","0.0","7.4"
"Kylen Granson","PHI","TE114","0.0","0.0","0.0","3.0","33.3","0.2","0.0","7.4"
"Scotty Miller","PIT","WR197","0.0","0.0","0.0","3.1","37.4","0.1","0.0","7.3"
"Ainias Smith","PHI","WR198","0.0","0.0","0.0","3.0","32.4","0.2","0.0","7.2"
"Jashaun Corbin","ATL","RB131","9.3","35.1","0.2","1.5","10.6","0.0","0.0","7.2"
"Tyler Scott","CHI","WR199","0.0","1.7","0.0","2.8","30.1","0.1","0.0","6.8"
"Britain Covey","LAR","WR200","2.2","13.7","0.1","1.8","21.0","0.1","0.0","6.6"
"Tanner Hudson","CIN","TE115","0.0","0.0","0.0","3.0","26.7","0.2","0.0","6.6"
"Nick Nash","ATL","WR201","0.0","0.0","0.0","3.0","35.0","0.0","0.0","6.5"
"Rasheen Ali","BAL","RB132","5.2","33.3","0.1","1.4","10.2","0.1","0.0","6.5"
"Ryan Flournoy","DAL","WR202","0.0","0.0","0.0","2.4","25.6","0.2","0.0","5.9"
"Mitchell Tinsley","CIN","WR203","0.0","0.0","0.0","2.5","28.8","0.1","0.0","5.9"
"Zonovan Knight","ARI","RB133","2.4","10.1","0.1","2.1","15.3","0.1","0.0","5.7"
"Trey Sermon","PIT","RB134","5.0","20.8","0.1","1.6","11.5","0.1","0.0","5.6"
"Erick All Jr.","CIN","TE116","0.0","0.0","0.0","2.4","20.8","0.2","0.0","5.5"
"Velus Jones Jr.","NO","WR204","2.4","10.4","0.1","1.9","13.5","0.1","0.0","5.4"
"Terrell Jennings","NE","RB135","2.4","10.1","0.1","1.9","14.5","0.1","0.0","5.2"
"Jack Stoll","NO","TE117","0.0","0.0","0.0","2.5","23.7","0.0","0.0","5.1"
"Zach Davidson","BUF","TE118","0.0","0.0","0.0","1.9","19.1","0.2","0.0","4.8"
"Anthony Gould","IND","WR205","0.0","2.5","0.0","1.8","22.8","0.1","0.0","4.6"
"Laviska Shenault Jr.","BUF","WR206","0.0","0.0","0.0","1.8","19.5","0.1","0.0","4.5"
"David Martin-Robinson","TEN","TE119","0.0","0.0","0.0","1.9","18.6","0.1","0.0","4.5"
"Blake Whiteheart","CLE","TE120","0.0","0.0","0.0","2.0","18.5","0.1","0.0","4.5"
"Tank Dell","HOU","WR207","0.0","0.0","0.0","2.0","24.0","0.0","0.0","4.4"
"Isaiah Neyor","GB","WR208","0.0","0.0","0.0","2.0","24.0","0.0","0.0","4.4"
"Feleipe Franks","ATL","QB2","0.0","0.0","0.0","1.8","17.7","0.1","0.0","4.3"
"Trent Sherfield Sr.","DEN","WR209","0.0","0.0","0.0","1.8","20.9","0.1","0.0","4.3"
"Ashton Dulin","IND","WR210","0.0","1.7","0.0","1.7","19.5","0.1","0.0","4.3"
"Isaiah Williams","CIN","WR211","0.0","0.0","0.0","1.6","18.8","0.1","0.0","4.2"
"James Mitchell","CAR","TE121","0.0","0.0","0.0","1.8","17.8","0.1","0.0","4.1"
"Steven Sims Jr.","SEA","WR212","0.0","0.0","0.0","1.7","17.0","0.1","0.0","4.0"
"Scott Matlock","LAC","DT1","0.0","0.0","0.0","2.2","14.7","0.1","0.0","4.0"
"Jacob Cowing","SF","WR213","0.0","8.5","0.0","1.1","14.9","0.1","0.0","3.9"
"Kevin Austin Jr.","NO","WR214","0.0","0.0","0.0","1.6","18.9","0.1","0.0","3.7"
"Dylan Laube","LV","RB136","0.0","10.0","0.0","1.5","11.0","0.0","0.0","3.6"
"Jase McClellan","TB","RB137","0.0","17.0","0.0","1.0","7.0","0.0","0.0","3.4"
"Jimmy Horn Jr.","CAR","WR215","0.0","0.0","0.0","1.5","18.0","0.0","0.0","3.3"
"Raheim Sanders","LAC","RB138","0.0","10.5","0.0","1.0","7.5","0.0","0.0","2.8"
"Will Mallory","IND","TE122","0.0","0.0","0.0","1.3","11.7","0.1","0.0","2.8"
"Avery Williams","PHI","RB139","1.4","5.7","0.0","1.6","10.9","0.1","0.5","2.6"
"Jason Brownlee","KC","WR216","0.0","0.0","0.0","1.0","14.0","0.0","0.0","2.4"
"Carlos Washington Jr.","ATL","RB140","0.0","15.0","0.0","0.5","3.5","0.0","0.0","2.4"
"Trayveon Williams","CLE","RB141","1.2","5.1","0.0","1.0","7.0","0.0","0.0","2.3"
"Braxton Berrios","HOU","WR217","0.0","2.5","0.0","1.0","10.5","0.0","0.0","2.3"
"Chris Moore","WAS","WR218","0.0","0.0","0.0","1.0","13.0","0.0","0.0","2.3"
"LaJohntay Wester","BAL","WR219","0.0","0.0","0.0","1.0","12.0","0.0","0.0","2.2"
"Nick Vannett","MIN","TE123","0.0","0.0","0.0","1.0","10.0","0.0","0.0","2.0"
"Tyler Badie","DEN","RB142","0.0","10.5","0.0","0.5","3.5","0.0","0.0","1.9"
"Phil Mafah","DAL","RB143","0.0","10.5","0.0","0.5","3.5","0.0","0.0","1.9"
"Keilan Robinson","PHI","RB144","0.0","2.0","0.0","1.0","7.0","0.0","0.0","1.9"
"George Holani","SEA","RB145","0.0","8.5","0.0","0.5","3.5","0.0","0.0","1.7"
"Ihmir Smith-Marsette","NYG","WR220","0.0","2.5","0.0","0.8","9.5","0.1","0.5","1.4"
"Xavier Smith","LAR","WR221","0.0","2.5","0.0","1.0","11.0","0.0","0.5","1.4"
"Sione Vaki","DET","RB146","0.0","4.5","0.0","0.5","3.5","0.0","0.0","1.3"
"JaMycal Hasty","NE","RB147","0.0","4.0","0.0","0.5","3.5","0.0","0.0","1.3"
"Nikko Remigio","KC","WR222","0.0","0.0","0.0","0.5","6.5","0.0","0.0","1.2"
"Harrison Bryant","HOU","TE124","0.0","0.0","0.0","0.5","5.5","0.0","0.0","1.1"
"D'Ernest Johnson","BAL","RB148","0.0","2.0","0.0","0.5","3.0","0.0","0.0","1.0"
"Trenton Irwin","JAC","WR223","0.0","5.0","0.0","0.0","0.0","0.0","0.0","0.5"
"Tom Kennedy","DET","WR224","0.0","0.0","0.0","0.0","0.0","0.0","0.0","0.0"
"Mason Kinsey","TEN","WR225","0.0","0.0","0.0","0.0","0.0","0.0","0.0","0.0"
"Laquon Treadwell","IND","WR226","0.0","0.0","0.0","0.0","0.0","0.0","0.0","0.0"
"River Cracraft","WAS","WR227","0.0","0.0","0.0","0.0","0.0","0.0","0.0","0.0"
"Trent Taylor","SF","WR228","0.0","0.0","0.0","0.0","0.0","0.0","0.0","0.0"
"Keith Kirkwood","BAL","WR229","0.0","0.0","0.0","0.0","0.0","0.0","0.0","0.0"
"Phillip Dorsett II","LV","WR230","0.0","0.0","0.0","0.0","0.0","0.0","0.0","0.0"
"Tyree Jackson","WAS","TE125","0.0","0.0","0.0","0.0","0.0","0.0","0.0","0.0"
"Stephen Carlson","CHI","TE126","0.0","0.0","0.0","0.0","0.0","0.0","0.0","0.0"
"Josiah Deguara","ARI","TE127","0.0","0.0","0.0","0.0","0.0","0.0","0.0","0.0"
"Albert Okwuegbunam Jr.","LV","TE128","0.0","0.0","0.0","0.0","0.0","0.0","0.0","0.0"
"Sean McKeon","IND","TE129","0.0","0.0","0.0","0.0","0.0","0.0","0.0","0.0"
"Matt Sokol","BUF","TE130","0.0","0.0","0.0","0.0","0.0","0.0","0.0","0.0"
"Shane Zylstra","DET","TE131","0.0","0.0","0.0","0.0","0.0","0.0","0.0","0.0"
"Tyler Mabry","CAR","TE132","0.0","0.0","0.0","0.0","0.0","0.0","0.0","0.0"
"Ko Kieft","TB","TE133","0.0","0.0","0.0","0.0","0.0","0.0","0.0","0.0"
"Cole Turner","WAS","TE134","0.0","0.0","0.0","0.0","0.0","0.0","0.0","0.0"
"John FitzPatrick","GB","TE135","0.0","0.0","0.0","0.0","0.0","0.0","0.0","0.0"
"Nick Muse","PHI","TE136","0.0","0.0","0.0","0.0","0.0","0.0","0.0","0.0"
"Jake Tonges","SF","TE137","0.0","0.0","0.0","0.0","0.0","0.0","0.0","0.0"
"Cameron Latu","PHI","TE138","0.0","0.0","0.0","0.0","0.0","0.0","0.0","0.0"
"Justin Shorter","LV","WR231","0.0","0.0","0.0","0.0","0.0","0.0","0.0","0.0"
"Zack Kuntz","NYJ","TE139","0.0","0.0","0.0","0.0","0.0","0.0","0.0","0.0"
"Princeton Fant","DAL","TE140","0.0","0.0","0.0","0.0","0.0","0.0","0.0","0.0"
"John Stephens Jr.","DAL","WR232","0.0","0.0","0.0","0.0","0.0","0.0","0.0","0.0"
"Colson Yankoff","WAS","TE141","0.0","0.0","0.0","0.0","0.0","0.0","0.0","0.0"
"Thomas Odukoya","TEN","TE142","0.0","0.0","0.0","0.0","0.0","0.0","0.0","0.0"
"E.J. Jenkins","PHI","TE143","0.0","0.0","0.0","0.0","0.0","0.0","0.0","0.0"
"Baylor Cupp","BAL","TE144","0.0","0.0","0.0","0.0","0.0","0.0","0.0","0.0"
"Jack Westover","NE","TE145","0.0","0.0","0.0","0.0","0.0","0.0","0.0","0.0"
"Luke Lachey","HOU","TE146","0.0","0.0","0.0","0.0","0.0","0.0","0.0","0.0"
"Moliki Matavao","NO","TE147","0.0","0.0","0.0","0.0","0.0","0.0","0.0","0.0"
"Mitchell Wilcox","MIA","TE148","0.0","0.0","0.0","0.0","0.0","0.0","0.0","0.0"
"Myles Gaskin","BAL","RB149","0.0","0.0","0.0","0.0","0.0","0.0","0.0","0.0"
"Nyheim Miller-Hines","LAC","RB150","0.0","0.0","0.0","0.0","0.0","0.0","0.0","0.0"
"Mike Boone","MIA","RB151","0.0","0.0","0.0","0.0","0.0","0.0","0.0","0.0"
"Andrew Beck","NYJ","TE149","0.0","0.0","0.0","0.0","0.0","0.0","0.0","0.0"
"Jakob Johnson","HOU","RB152","0.0","0.0","0.0","0.0","0.0","0.0","0.0","0.0"
"Ke'Shawn Vaughn","SF","RB153","0.0","0.0","0.0","0.0","0.0","0.0","0.0","0.0"
"Salvon Ahmed","IND","RB154","0.0","0.0","0.0","0.0","0.0","0.0","0.0","0.0"
"Reggie Gilliam","BUF","RB155","0.0","0.0","0.0","0.0","0.0","0.0","0.0","0.0"
"Jonathan Ward","NYG","RB156","0.0","0.0","0.0","0.0","0.0","0.0","0.0","0.0"
"Jermar Jefferson","TEN","RB157","0.0","0.0","0.0","0.0","0.0","0.0","0.0","0.0"
"Demetric Felton Jr.","WAS","RB158","0.0","0.0","0.0","0.0","0.0","0.0","0.0","0.0"
"Kene Nwangwu","NYJ","RB159","0.0","0.0","0.0","0.0","0.0","0.0","0.0","0.0"
"Jaret Patterson","LAC","RB160","0.0","0.0","0.0","0.0","0.0","0.0","0.0","0.0"
"Deon Jackson","DET","RB161","0.0","0.0","0.0","0.0","0.0","0.0","0.0","0.0"
"Adam Prentice","DEN","RB162","0.0","0.0","0.0","0.0","0.0","0.0","0.0","0.0"
"Tyrion Davis-Price","GB","RB163","0.0","0.0","0.0","0.0","0.0","0.0","0.0","0.0"
"Keaontay Ingram","KC","RB164","0.0","0.0","0.0","0.0","0.0","0.0","0.0","0.0"
"Brittain Brown","CHI","RB165","0.0","0.0","0.0","0.0","0.0","0.0","0.0","0.0"
"Malik Davis","DAL","RB166","0.0","0.0","0.0","0.0","0.0","0.0","0.0","0.0"
"Lew Nichols III","PIT","RB167","0.0","0.0","0.0","0.0","0.0","0.0","0.0","0.0"
"Deneric Prince","NE","RB168","0.0","0.0","0.0","0.0","0.0","0.0","0.0","0.0"
"Ben VanSumeren","PHI","LB1","0.0","0.0","0.0","0.0","0.0","0.0","0.0","0.0"
"Brady Russell","SEA","TE150","0.0","0.0","0.0","0.0","0.0","0.0","0.0","0.0"
"Owen Wright","TB","RB169","0.0","0.0","0.0","0.0","0.0","0.0","0.0","0.0"
"Jonathon Brooks","CAR","RB170","0.0","0.0","0.0","0.0","0.0","0.0","0.0","0.0"
"Jawhar Jordan","HOU","RB171","0.0","0.0","0.0","0.0","0.0","0.0","0.0","0.0"
"Dante Miller","NYG","RB172","0.0","0.0","0.0","0.0","0.0","0.0","0.0","0.0"
"Blake Watson","DEN","RB173","0.0","0.0","0.0","0.0","0.0","0.0","0.0","0.0"
"Jacob Saylors","DET","RB174","0.0","0.0","0.0","0.0","0.0","0.0","0.0","0.0"
"Michael Wiley","KC","RB175","0.0","0.0","0.0","0.0","0.0","0.0","0.0","0.0"
"British Brooks","HOU","RB176","0.0","0.0","0.0","0.0","0.0","0.0","0.0","0.0"
"Cody Schrader","LAR","RB177","0.0","0.0","0.0","0.0","0.0","0.0","0.0","0.0"
"Aaron Shampklin","MIA","RB178","0.0","0.0","0.0","0.0","0.0","0.0","0.0","0.0"
"Kendall Milton","CIN","RB179","0.0","0.0","0.0","0.0","0.0","0.0","0.0","0.0"
"Chris Collier","LV","RB180","0.0","0.0","0.0","0.0","0.0","0.0","0.0","0.0"
"Donovan Edwards","NYJ","RB181","0.0","0.0","0.0","0.0","0.0","0.0","0.0","0.0"
"Corey Kiner","SF","RB182","0.0","0.0","0.0","0.0","0.0","0.0","0.0","0.0"
""
""